局ID,局名,緯度,経度,都府県振興局,観測所番号,種類,ｶﾀｶﾅ名,prec_no
s47401,稚内,45.415,141.6783,宗谷,,官,ワツカナイ,11
a0002,沓形,45.1783,141.1383,宗谷,,四,クツガタ,11
a0003,浜頓別,45.125,142.35,宗谷,,四,ハマトンベツ,11
s47402,北見枝幸,44.94,142.585,宗谷,,官,キタミエサシ,11
a0005,歌登,44.8417,142.48,宗谷,,四,ウタノボリ,11
a1051,中頓別,44.965,142.28,宗谷,,四,ナカトンベツ,11
a1054,豊富,45.1017,141.78,宗谷,,四,トヨトミ,11
a1203,沼川,45.2483,141.8517,宗谷,,四,ヌマカワ,11
a1207,船泊,45.4367,141.035,宗谷,,四,フナドマリ,11
a1284,宗谷岬,45.52,141.935,宗谷,,四,ソウヤミサキ,11
a1285,浜鬼志別,45.335,142.17,宗谷,,四,ハマオニシベツ,11
a1512,本泊,45.2417,141.1867,宗谷,,四,モトドマリ,11
a1528,声問,45.4033,141.8017,宗谷,,四,コエトイ,11
a1546,礼文,45.305,141.045,宗谷,,四,レブン,11
a1593,幌泊,45.455,141.0383,宗谷,,四,ホロドマリ,11
a1573,幌延,45.0067,141.8517,宗谷,,四,ホロノベ,11
a1656,礼文上泊埼,45.4233,141.065,宗谷,,四,レブンウエドマリサキ,11
a0006,美深,44.48,142.3417,上川,,四,ビフカ,12
a0007,ピヤシリ山,44.435,142.5817,上川,,四,ピヤシリヤマ,12
a0008,名寄,44.37,142.4567,上川,,四,ナヨロ,12
a0009,西風連,44.295,142.3583,上川,,四,ニシフウレン,12
a0010,下川,44.295,142.6367,上川,,四,シモカワ,12
a0011,士別,44.1867,142.4167,上川,,四,シベツ,12
a0012,犬牛別峠,44.07,142.27,上川,,四,イヌウシベツトウゲ,12
a0013,雄鷹峰,43.9533,142.32,上川,,四,オタカミネ,12
a0014,蓬莱山,43.9133,142.5833,上川,,四,ホウライザン,12
a0015,上川,43.8467,142.7533,上川,,四,カミカワ,12
s47407,旭川,43.7567,142.3717,上川,,官,アサヒカワ,12
a0017,瑞穂,43.7367,142.6383,上川,,四,ミズホ,12
a0018,終沢,43.63,142.335,上川,,四,オワリザワ,12
a0019,旭岳,43.6617,142.8267,上川,,四,アサヒダケ,12
a0020,白金,43.475,142.65,上川,,四,シロガネ,12
a0021,富良野,43.3333,142.4,上川,,四,フラノ,12
a0022,前富良野岳,43.3767,142.5683,上川,,四,マエフラノダケ,12
a0023,前時雨山,43.185,142.3467,上川,,四,マエシグレヤマ,12
a1047,朝日,44.1183,142.595,上川,,四,アサヒ,12
a1048,比布,43.87,142.47,上川,,四,ピップ,12
a1049,層雲峡,43.7533,142.93,上川,,四,ソウウンキョウ,12
a1052,美瑛,43.5883,142.4933,上川,,四,ビエイ,12
a1055,和寒,44.0283,142.41,上川,,四,ワッサム,12
a1184,東川,43.7017,142.5083,上川,,四,ヒガシカワ,12
a1185,志比内,43.6433,142.5817,上川,,四,シビナイ,12
a1188,幾寅,43.1683,142.5683,上川,,四,イクトラ,12
a1189,占冠,42.9783,142.395,上川,,四,シムカップ,12
a1190,上富良野,43.455,142.465,上川,,四,カミフラノ,12
a1191,江丹別,43.87,142.26,上川,,四,エタンベツ,12
a1197,音威子府,44.7267,142.265,上川,,四,オトイネップ,12
a1201,中川,44.8283,142.0767,上川,,四,ナカガワ,12
a1280,麓郷,43.3017,142.5217,上川,,四,ロクゴウ,12
a1458,東神楽,43.67,142.4467,上川,,四,ヒガシカグラ,12
a1570,小車,44.6083,142.295,上川,,四,オグルマ,12
a1572,剣淵,44.1067,142.3533,上川,,四,ケンブチ,12
a1574,金山,43.1383,142.4167,上川,,四,カナヤマ,12
a1053,幌加内,44.01,142.16,上川,,四,ホロカナイ,12
a1279,朱鞠内,44.2817,142.1617,上川,,四,シュマリナイ,12
a0024,天塩,44.8933,141.7617,留萌,,四,テシオ,13
a0025,遠別,44.7183,141.8067,留萌,,四,エンベツ,13
s47404,羽幌,44.3633,141.7,留萌,,官,ハボロ,13
s47406,留萌,43.945,141.6317,留萌,,官,ルモイ,13
a0028,増毛,43.8483,141.51,留萌,,四,マシケ,13
a1112,古丹別,44.265,141.7217,留萌,,四,コタンベツ,13
a1213,焼尻,44.4283,141.4217,留萌,,四,ヤギシリ,13
a1216,初山別,44.5233,141.77,留萌,,四,ショサンベツ,13
a1217,達布,44.0483,141.8567,留萌,,四,タップ,13
a1218,幌糠,43.8533,141.76,留萌,,四,ホロヌカ,13
a0029,阿曽岩,43.3017,141.5133,石狩,,四,アソイワ,14
a0030,新篠津,43.22,141.645,石狩,,四,シンシノツ,14
a0031,山口,43.1483,141.2217,石狩,,四,ヤマグチ,14
a0032,手稲山,43.0833,141.2017,石狩,,四,テイネヤマ,14
s47412,札幌,43.06,141.3283,石狩,,官,サツポロ,14
a0034,小金湯,42.9633,141.2167,石狩,,四,コガネユ,14
a0035,恵庭島松,42.9267,141.565,石狩,,四,エニワシママツ,14
a0036,島松山,42.895,141.4133,石狩,,四,シママツヤマ,14
a0037,支笏湖畔,42.7717,141.4067,石狩,,四,シコツコハン,14
a1076,西野幌,43.0433,141.54,石狩,,四,ニシノッポロ,14
a1085,石狩,43.1933,141.37,石狩,,四,イシカリ,14
a1193,浜益,43.5817,141.3867,石狩,,四,ハママス,14
a1194,厚田,43.3967,141.4367,石狩,,四,アツタ,14
a1459,千歳,42.775,141.6917,石狩,,四,チトセ,14
a1507,江別,43.11,141.6017,石狩,,四,エベツ,14
a0038,石狩沼田,43.815,141.9267,空知,,四,イシカリヌマタ,15
a0039,深川,43.7183,142.0733,空知,,四,フカガワ,15
a0040,常盤山,43.76,142.2017,空知,,四,トキワヤマ,15
a0041,滝川,43.57,141.9383,空知,,四,タキカワ,15
a0042,神威岳,43.5183,142.005,空知,,四,カモイダケ,15
a0043,芦別,43.52,142.19,空知,,四,アシベツ,15
a0044,美唄,43.3633,141.8267,空知,,四,ビバイ,15
s47413,岩見沢,43.2117,141.785,空知,,官,イワミザワ,15
a0046,下桂沢,43.2567,141.9683,空知,,四,シモカツラザワ,15
a0047,長沼,43.0117,141.6933,空知,,四,ナガヌマ,15
a0048,丁未山,43.0817,141.9567,空知,,四,テイミヤマ,15
a0049,夕張,43.0383,141.9567,空知,,四,ユウバリ,15
a0050,登川山,42.9233,142.095,空知,,四,ノボリカワヤマ,15
a0999,月形,43.33,141.6167,空知,,四,ツキガタ,15
a1068,栗沢,43.1217,141.745,空知,,四,クリサワ,15
a1270,晩生内,43.405,141.75,空知,,四,オソキナイ,15
a1271,桜山,43.6817,141.85,空知,,四,サクラヤマ,15
a1287,空知吉野,43.595,141.7317,空知,,四,ソラチヨシノ,15
a1400,浦臼,43.4283,141.8083,空知,,四,ウラウス,15
a1401,鹿島,43.08,142.1,空知,,四,カシマ,15
a1402,沼の沢,42.96,142.02,空知,,四,ヌマノサワ,15
a1419,新城,43.6117,142.2033,空知,,四,シンジョウ,15
a1566,赤平,43.5533,142.0667,空知,,四,アカビラ,15
a1567,雨竜,43.66,141.8917,空知,,四,ウリュウ,15
a1674,秩父別,43.78,141.9617,空知,,四,チップベツ,15
a0051,美国,43.2717,140.5633,後志,,四,ビクニ,16
a0052,余市,43.1817,140.7583,後志,,四,ヨイチ,16
s47411,小樽,43.1817,141.015,後志,,官,オタル,16
a0054,共和,42.98,140.6033,後志,,四,キョウワ,16
a0055,蘭越,42.81,140.5417,後志,,四,ランコシ,16
s47433,倶知安,42.9,140.7567,後志,,官,クツチヤン,16
a0057,脇方台地,42.8767,140.945,後志,,四,ワキカタダイチ,16
s47421,寿都,42.795,140.2233,後志,,官,スツツ,16
a0059,桂台,42.7517,140.6183,後志,,四,カツラダイ,16
a0060,喜茂別,42.7933,140.9483,後志,,四,キモベツ,16
a0061,黒松内,42.6633,140.31,後志,,四,クロマツナイ,16
a1072,真狩,42.775,140.88,後志,,四,マッカリ,16
a1091,赤井川,43.0833,140.82,後志,,四,アカイガワ,16
a1208,神恵内,43.145,140.4233,後志,,四,カモエナイ,16
a1615,ニセコ,42.7783,140.6667,後志,,四,ニセコ,16
s47405,雄武,44.58,142.9633,網走・北見・紋別,,官,オウム,17
a0063,興部,44.47,143.1083,網走・北見・紋別,,四,オコッペ,17
s47435,紋別,44.345,143.355,網走・北見・紋別,,官,モンベツ,17
a0065,湧別,44.2133,143.6183,網走・北見・紋別,,四,ユウベツ,17
a0066,滝上,44.1767,143.0617,網走・北見・紋別,,四,タキノウエ,17
a0067,上藻別,44.1867,143.335,網走・北見・紋別,,四,カミモベツ,17
a0068,常呂,44.115,144.0367,網走・北見・紋別,,四,トコロ,17
a0069,遠軽,44.0533,143.54,網走・北見・紋別,,四,エンガル,17
a0070,佐呂間,44.0183,143.76,網走・北見・紋別,,四,サロマ,17
s47409,網走,44.0167,144.2783,網走・北見・紋別,,官,アバシリ,17
a0072,生田原,43.9167,143.5317,網走・北見・紋別,,四,イクタハラ,17
a0073,仁頃山,43.86,143.7467,網走・北見・紋別,,四,ニコロヤマ,17
a0074,北見,43.7767,143.8417,網走・北見・紋別,,四,キタミ,17
a0075,小清水,43.8417,144.485,網走・北見・紋別,,四,コシミズ,17
a0076,斜里,43.885,144.7,網走・北見・紋別,,四,シャリ,17
a0077,留辺蘂,43.7417,143.45,網走・北見・紋別,,四,ルベシベ,17
a0078,留辺蘂山,43.7583,143.6033,網走・北見・紋別,,四,ルベシベヤマ,17
a0079,美幌,43.77,144.1717,網走・北見・紋別,,四,ビホロ,17
a0080,藻琴山,43.7267,144.2967,網走・北見・紋別,,四,モコトヤマ,17
a0081,チミケップ山,43.645,143.89,網走・北見・紋別,,四,チミケップヤマ,17
a0082,津別,43.7017,144.0333,網走・北見・紋別,,四,ツベツ,17
a0083,北見中山,43.5983,143.46,網走・北見・紋別,,四,キタミナカヤマ,17
a0981,宇登呂,44.0517,144.9817,網走・北見・紋別,,四,ウトロ,17
a1073,西興部,44.3317,142.935,網走・北見・紋別,,四,ニシオコッペ,17
a1092,白滝,43.865,143.1533,網走・北見・紋別,,四,シラタキ,17
a1209,境野,43.7067,143.6433,網走・北見・紋別,,四,サカイノ,17
a1263,東藻琴,43.84,144.285,網走・北見・紋別,,四,ヒガシモコト,17
a1420,丸瀬布,43.9517,143.3283,網走・北見・紋別,,四,マルセップ,17
a1460,女満別,43.88,144.1633,網走・北見・紋別,,四,メマンベツ,17
a1487,紋別小向,44.3033,143.4033,網走・北見・紋別,,四,モンベツコムカイ,17
a1568,津別二又,43.5833,143.865,網走・北見・紋別,,四,ツベツフタマタ,17
a1569,置戸常元,43.62,143.44,網走・北見・紋別,,四,オケトツネモト,17
a1617,山園,43.7433,144.3367,網走・北見・紋別,,四,ヤマゾノ,17
a0084,羅臼,44.0233,145.1867,根室,,四,ラウス,18
a0085,標津,43.6617,145.1317,根室,,四,シベツ,18
a0086,中標津,43.5433,144.9783,根室,,四,ナカシベツ,18
a0087,計根別,43.485,144.8083,根室,,四,ケネベツ,18
a0088,別海,43.3817,145.1183,根室,,四,ベツカイ,18
s47420,根室,43.33,145.585,根室,,官,ネムロ,18
a1056,納沙布,43.3933,145.7583,根室,,四,ノサップ,18
a1196,厚床,43.2217,145.2267,根室,,四,アットコ,18
a1266,糸櫛別,43.7217,144.9883,根室,,四,イトクシベツ,18
a1489,根室中標津,43.5767,144.96,根室,,四,ネムロナカシベツ,18
a1547,上標津,43.52,144.7467,根室,,四,カミシベツ,18
a0090,川湯,43.6167,144.4567,釧路,,四,カワユ,19
a0091,阿寒湖畔,43.4367,144.0833,釧路,,四,アカンコハン,19
a0092,弟子屈,43.4783,144.4467,釧路,,四,テシカガ,19
a0093,標茶,43.2917,144.5867,釧路,,四,シベチャ,19
a0094,幌呂台地,43.2783,144.2267,釧路,,四,ホロロダイチ,19
a0095,中徹別,43.1983,144.1417,釧路,,四,ナカテシベツ,19
a0096,阿寒,43.1133,144.1233,釧路,,四,アカン,19
a0097,霧多布,43.0767,145.1283,釧路,,四,キリタップ,19
a0098,白糠,42.97,144.0617,釧路,,四,シラヌカ,19
s47418,釧路,42.985,144.3767,釧路,,官,クシロ,19
a1107,二俣,42.9717,143.875,釧路,,四,フタマタ,19
a1186,鶴居,43.2317,144.325,釧路,,四,ツルイ,19
a1187,弟子屈,43.51,144.4667,釧路,,四,テシカガ,19
a1192,太田,43.09,144.7783,釧路,,四,オオタ,19
a1195,榊町,43.12,145.11,釧路,,四,サカキマチ,19
a1283,知方学,42.9383,144.735,釧路,,四,チッポマナイ,19
a1403,塘路,43.1483,144.4967,釧路,,四,トウロ,19
a1417,茶内原野,43.1733,144.9667,釧路,,四,チャナイゲンヤ,19
a1461,鶴丘,43.04,144.1917,釧路,,四,ツルオカ,19
a0100,軍艦山,43.4783,143.1267,十勝,,四,グンカンヤマ,20
a0101,陸別,43.4717,143.7533,十勝,,四,リクベツ,20
a0102,殖産高地,43.435,143.695,十勝,,四,ショクサンコウチ,20
a0103,ぬかびら源泉郷,43.3667,143.1917,十勝,,四,ヌカビラゲンセンキョウ,20
a0104,小坂山,43.3967,143.4833,十勝,,四,コサカヤマ,20
a0105,上足寄,43.3567,143.8017,十勝,,四,カミアショロ,20
a0106,西ヌプカウシ山,43.2417,143.07,十勝,,四,ニシヌプカウシヤマ,20
a0107,上士幌,43.2417,143.295,十勝,,四,カミシホロ,20
a0108,幌安山,43.2483,143.445,十勝,,四,ホロヤスヤマ,20
a0109,足寄,43.2433,143.5533,十勝,,四,アショロ,20
a0110,佐幌岳,43.175,142.785,十勝,,四,サホロダケ,20
a0111,三角山,43.1967,142.9683,十勝,,四,サンカクヤマ,20
a0112,本別,43.1317,143.6,十勝,,四,ホンベツ,20
a0113,新得,43.0767,142.84,十勝,,四,シントク,20
a0114,鹿追,43.1033,142.995,十勝,,四,シカオイ,20
a0115,芽室,42.9,143.0433,十勝,,四,メムロ,20
s47417,帯広,42.9217,143.2117,十勝,,官,オビヒロ,20
a0117,池田,42.92,143.4583,十勝,,四,イケダ,20
a0118,浦幌,42.8083,143.6567,十勝,,四,ウラホロ,20
a0119,帯広岳,42.7467,142.9333,十勝,,四,オビヒロダケ,20
a0120,ひょうたん沢,42.5967,143.0633,十勝,,四,ヒョウタンザワ,20
a0121,大樹,42.5,143.2733,十勝,,四,タイキ,20
s47440,広尾,42.2933,143.3167,十勝,,官,ヒロオ,20
a1099,三国山,43.5683,143.14,十勝,,四,ミクニヤマ,20
a1204,駒場,43.05,143.1833,十勝,,四,コマバ,20
a1210,上札内,42.6417,143.0967,十勝,,四,カミサツナイ,20
a1211,更別,42.6517,143.195,十勝,,四,サラベツ,20
a1214,大津,42.6867,143.6467,十勝,,四,オオツ,20
a1286,糠内,42.7867,143.3283,十勝,,四,ヌカナイ,20
a1404,小利別,43.5883,143.68,十勝,,四,ショウトシベツ,20
a1405,押帯,43.115,143.4433,十勝,,四,オショップ,20
a1409,柏倉,43.3617,143.4583,十勝,,四,カシワクラ,20
a1410,上螺湾,43.3183,143.8017,十勝,,四,カミラワン,20
a1418,留真,42.9167,143.6617,十勝,,四,ルシン,20
a1510,帯広泉,42.7333,143.2167,十勝,,四,オビヒロイズミ,20
a1571,三股,43.51,143.1483,十勝,,四,ミツマタ,20
a0123,安平,42.815,141.8283,胆振,,四,アビラ,21
a0124,厚真,42.73,141.8883,胆振,,四,アツマ,21
a0125,穂別,42.7617,142.1433,胆振,,四,ホベツ,21
a0126,森野,42.63,141.2467,胆振,,四,モリノ,21
s47424,苫小牧,42.6233,141.5467,胆振,,官,トマコマイ,21
a0128,大岸,42.59,140.6433,胆振,,四,オオキシ,21
a0129,有珠山,42.5317,140.8533,胆振,,四,ウスサン,21
a0130,白老,42.5433,141.3517,胆振,,四,シラオイ,21
a0131,鵡川,42.59,141.9333,胆振,,四,ムカワ,21
a0132,伊達,42.475,140.8483,胆振,,四,ダテ,21
a0133,登別山,42.5,141.1217,胆振,,四,ノボリベツヤマ,21
a0134,登別,42.4583,141.1183,胆振,,四,ノボリベツ,21
s47423,室蘭,42.3117,140.975,胆振,,官,ムロラン,21
a1067,大滝,42.67,141.0783,胆振,,四,オオタキ,21
a1329,洞爺湖温泉,42.565,140.8067,胆振,,四,トウヤコオンセン,21
a1429,カルルス,42.5167,141.1067,胆振,,四,カルルス,21
a1496,豊浦,42.5833,140.7083,胆振,,四,トヨウラ,21
a1498,花和,42.6167,140.7567,胆振,,四,ハナワ,21
a1499,虻田,42.55,140.7667,胆振,,四,アブタ,21
a1500,壮瞥,42.555,140.8533,胆振,,四,ソウベツ,21
a1501,入江,42.5433,140.785,胆振,,四,イリエ,21
a1502,月浦,42.5917,140.7883,胆振,,四,ツキウラ,21
a1503,北有珠,42.5217,140.8333,胆振,,四,キタウス,21
a1504,洞爺湖畔,42.5683,140.8017,胆振,,四,トウヤコハン,21
a1665,厚真幌内,42.735,141.9967,胆振,,四,アツマホロナイ,21
a0136,日高門別,42.4967,142.0533,日高,,四,ヒダカモンベツ,22
a0137,新和,42.5433,142.3333,日高,,四,シンワ,22
a0138,ヌモトル山,42.6,142.395,日高,,四,ヌモトルヤマ,22
a0139,笹山,42.4333,142.4817,日高,,四,ササヤマ,22
a0140,静内,42.3433,142.3617,日高,,四,シズナイ,22
a0141,ピセナイ山,42.355,142.6583,日高,,四,ピセナイヤマ,22
s47426,浦河,42.1617,142.7767,日高,,官,ウラカワ,22
a1097,仁世宇,42.7717,142.3583,日高,,四,ニセウ,22
a1198,三石,42.245,142.6617,日高,,四,ミツイシ,22
a1202,日高,42.8767,142.4417,日高,,四,ヒダカ,22
a1264,幌満,42.0767,143.035,日高,,四,ホロマン,22
a1276,目黒,42.1283,143.3117,日高,,四,メグロ,22
a1288,中杵臼,42.2233,142.9483,日高,,四,ナカキネウス,22
a1340,えりも岬,41.925,143.2433,日高,,四,エリモミサキ,22
a1430,旭,42.6283,142.3933,日高,,四,アサヒ,22
a1594,平取,42.6067,142.1467,日高,,四,ビラトリ,22
a0143,長万部,42.5167,140.3733,渡島,,四,オシャマンベ,23
a0144,八雲,42.2517,140.2717,渡島,,四,ヤクモ,23
a0145,森,42.0667,140.5883,渡島,,四,モリ,23
a0146,大沼,41.9767,140.715,渡島,,四,オオヌマ,23
a0147,川汲,41.905,140.97,渡島,,四,カックミ,23
a0148,北斗,41.8867,140.6533,渡島,,四,ホクト,23
s47430,函館,41.8167,140.7533,渡島,,官,ハコダテ,23
a0150,汐首,41.7183,140.945,渡島,,四,シオクビ,23
a0151,小谷石,41.5433,140.43,渡島,,四,コタニイシ,23
a0152,松前,41.4233,140.0867,渡島,,四,マツマエ,23
a0917,木古内,41.68,140.4367,渡島,,四,キコナイ,23
a1265,千軒,41.5583,140.2717,渡島,,四,センゲン,23
a1416,蛾眉野,41.7983,140.95,渡島,,四,ガビノ,23
a1462,高松,41.77,140.8217,渡島,,四,タカマツ,23
a1543,戸井泊,41.7167,141.0033,渡島,,四,トイトマリ,23
a1552,知内,41.5983,140.375,渡島,,四,シリウチ,23
a0155,熊石,42.1283,139.985,渡島,,四,クマイシ,23
a0153,せたな,42.45,139.8517,檜山,,四,セタナ,24
a0154,今金,42.4283,140.0083,檜山,,四,イマカネ,24
a0156,潮見,42.0383,140.0883,檜山,,四,シオミ,24
s47428,江差,41.8667,140.1233,檜山,,官,エサシ,24
a1199,奥尻,42.2483,139.5567,檜山,,四,オクシリ,24
a1200,鶉,41.93,140.3117,檜山,,四,ウズラ,24
a1205,石崎,41.7,140.0283,檜山,,四,イシザキ,24
a1513,米岡,42.0717,139.4317,檜山,,四,ヨネオカ,24
a0158,障子山,41.2767,141.0967,青森県,,四,ショウジヤマ,31
s47576,むつ,41.2833,141.21,青森県,,官,ムツ,31
a0160,蟹田,41.045,140.6333,青森県,,四,カニタ,31
s47575,青森,40.8217,140.7683,青森県,,官,アオモリ,31
a0162,野辺地,40.885,141.16,青森県,,四,ノヘジ,31
a0163,鰺ケ沢,40.7767,140.205,青森県,,四,アジガサワ,31
a0164,五所川原,40.8083,140.4583,青森県,,四,ゴショガワラ,31
s47574,深浦,40.645,139.9317,青森県,,官,フカウラ,31
a0166,弘前,40.6117,140.455,青森県,,四,ヒロサキ,31
a0167,黒石,40.6667,140.585,青森県,,四,クロイシ,31
a0168,八甲田山,40.675,140.8583,青森県,,四,ハッコウダサン,31
a0169,三沢,40.675,141.375,青森県,,四,ミサワ,31
a0170,四兵衛森,40.5517,140.2067,青森県,,四,シヘイモリ,31
a0171,毛無山,40.5517,140.7533,青森県,,四,ケナシヤマ,31
a0172,十和田,40.6067,141.2333,青森県,,四,トワダ,31
s47581,八戸,40.5267,141.5217,青森県,,官,ハチノヘ,31
a0174,大鰐,40.53,140.555,青森県,,四,オオワニ,31
a0175,碇ケ関,40.4817,140.62,青森県,,四,イカリガセキ,31
a0176,空岱山,40.4383,140.7083,青森県,,四,ソラダイヤマ,31
a0177,休屋,40.4267,140.8983,青森県,,四,ヤスミヤ,31
a0178,朝日奈岳,40.325,141.0483,青森県,,四,アサヒナダケ,31
a0179,三戸,40.3833,141.2567,青森県,,四,サンノヘ,31
a1026,今別,41.18,140.4817,青森県,,四,イマベツ,31
a1027,六ケ所,40.885,141.2717,青森県,,四,ロッカショ,31
a1041,大間,41.5267,140.9117,青森県,,四,オオマ,31
a1042,大和山,40.8483,140.985,青森県,,四,ヤマトヤマ,31
a1079,酸ケ湯,40.6483,140.8483,青森県,,四,スカユ,31
a1108,岳,40.6283,140.2633,青森県,,四,ダケ,31
a1110,長慶平,40.6183,139.9967,青森県,,四,チョウケイダイラ,31
a1119,市浦,41.0567,140.3467,青森県,,四,シウラ,31
a1122,小田野沢,41.235,141.3967,青森県,,四,オダノサワ,31
a1124,脇野沢,41.145,140.8217,青森県,,四,ワキノサワ,31
a1183,七戸,40.7083,141.1283,青森県,,四,シチノヘ,31
a1272,戸来,40.4683,141.1767,青森県,,四,ヘライ,31
a1406,温川,40.515,140.7833,青森県,,四,ヌルカワ,31
a1495,青森大谷,40.7333,140.6883,青森県,,四,アオモリオオタニ,31
a1559,湯野川,41.3133,140.9567,青森県,,四,ユノカワ,31
a0180,田代岳,40.4117,140.4,秋田県,,四,タシロダケ,32
a0181,陣場,40.415,140.61,秋田県,,四,ジンバ,32
a0182,杉沢山,40.365,140.81,秋田県,,四,スギサワヤマ,32
a0183,能代,40.1983,140.0317,秋田県,,四,ノシロ,32
a0184,鷹巣,40.2267,140.3717,秋田県,,四,タカノス,32
a0185,鹿角,40.215,140.7867,秋田県,,四,カヅノ,32
a0186,湯瀬,40.12,140.84,秋田県,,四,ユゼ,32
a0187,森吉山,40.005,140.5183,秋田県,,四,モリヨシヤマ,32
a0188,五城目,39.9383,140.115,秋田県,,四,ゴジョウメ,32
a0189,男鹿本山,39.8917,139.7667,秋田県,,四,オガホンザン,32
s47582,秋田,39.7167,140.0983,秋田県,,官,アキタ,32
a0191,太平山,39.7833,140.25,秋田県,,四,タイヘイザン,32
a0192,岩見三内,39.7067,140.2867,秋田県,,四,イワミサンナイ,32
a0193,角館,39.6033,140.5567,秋田県,,四,カクノダテ,32
a0194,田沢湖,39.6983,140.7317,秋田県,,四,タザワコ,32
a0195,大曲,39.49,140.495,秋田県,,四,オオマガリ,32
a0196,本荘,39.36,140.055,秋田県,,四,ホンジョウ,32
a0197,保呂羽山,39.3683,140.3167,秋田県,,四,ホロハヤマ,32
a0198,横手,39.32,140.555,秋田県,,四,ヨコテ,32
a0199,にかほ,39.255,139.9133,秋田県,,四,ニカホ,32
a0200,矢島,39.235,140.1367,秋田県,,四,ヤシマ,32
a0201,三森山,39.2217,140.7167,秋田県,,四,ミツモリヤマ,32
a0202,湯沢,39.1867,140.4633,秋田県,,四,ユザワ,32
a0203,姥井戸山,39.0933,140.335,秋田県,,四,ウバイドヤマ,32
a0204,湯の岱,38.96,140.5283,秋田県,,四,ユノタイ,32
a0912,大館,40.2517,140.505,秋田県,,四,オオダテ,32
a1035,大潟,40.0,139.95,秋田県,,四,オオガタ,32
a1036,男鹿,39.9117,139.9,秋田県,,四,オガ,32
a1043,八森,40.4133,139.9483,秋田県,,四,ハチモリ,32
a1050,大正寺,39.5267,140.2333,秋田県,,四,ダイショウジ,32
a1109,東成瀬,39.1783,140.6483,秋田県,,四,ヒガシナルセ,32
a1115,比立内,39.9033,140.45,秋田県,,四,ヒタチナイ,32
a1117,東由利,39.305,140.2883,秋田県,,四,ヒガシユリ,32
a1131,阿仁合,39.9933,140.4033,秋田県,,四,アニアイ,32
a1167,鎧畑,39.775,140.665,秋田県,,四,ヨロイバタ,32
a1273,藤里,40.32,140.2933,秋田県,,四,フジサト,32
a1278,桧木内,39.8117,140.585,秋田県,,四,ヒノキナイ,32
a1289,八幡平,40.0133,140.8017,秋田県,,四,ハチマンタイ,32
a1407,笹子,39.1017,140.2867,秋田県,,四,ジネゴ,32
a1408,藤原,40.3533,140.78,秋田県,,四,フジワラ,32
a1422,男鹿真山,39.9383,139.7817,秋田県,,四,オガシンザン,32
a1425,仁別,39.8,140.2167,秋田県,,四,ニベツ,32
a1463,脇神,40.1917,140.3717,秋田県,,四,ワキガミ,32
a1511,雄和,39.615,140.2183,秋田県,,四,ユウワ,32
a1652,田沢湖高原,39.7783,140.7617,秋田県,,四,タザワココウゲン,32
a0205,種市,40.4033,141.7,岩手県,,四,タネイチ,33
a0206,軽米,40.325,141.4667,岩手県,,四,カルマイ,33
a0207,二戸,40.2983,141.2983,岩手県,,四,ニノヘ,33
a0208,折爪岳,40.2633,141.375,岩手県,,四,オリヅメダケ,33
a0209,久慈,40.1683,141.7483,岩手県,,四,クジ,33
a0210,西岳,40.0833,141.1733,岩手県,,四,ニシダケ,33
a0211,葛巻,40.04,141.4567,岩手県,,四,クズマキ,33
a0212,袖山,40.025,141.525,岩手県,,四,ソデヤマ,33
a0213,茶臼岳,39.945,140.905,岩手県,,四,チャウスダケ,33
a0214,岩手松尾,39.9517,141.065,岩手県,,四,イワテマツオ,33
a0215,岩手山,39.84,140.95,岩手県,,四,イワテヤマ,33
a0216,岩洞,39.825,141.375,岩手県,,四,ガンドウ,33
a0217,大森山,39.8183,141.52,岩手県,,四,オオモリヤマ,33
a0218,岩泉,39.8467,141.795,岩手県,,四,イワイズミ,33
a0219,駒ケ岳,39.7333,140.7917,岩手県,,四,コマガタケ,33
a0220,害鷹森,39.7083,141.6033,岩手県,,四,ガイタカモリ,33
a0221,雫石,39.6967,140.975,岩手県,,四,シズクイシ,33
s47584,盛岡,39.6983,141.165,岩手県,,官,モリオカ,33
s47585,宮古,39.6467,141.965,岩手県,,官,ミヤコ,33
a0224,薬師岳,39.5283,141.4967,岩手県,,四,ヤクシダケ,33
a0225,黒森山,39.495,140.7917,岩手県,,四,クロモリヤマ,33
a0226,豊沢,39.48,140.9683,岩手県,,四,トヨサワ,33
a0227,花巻,39.4283,141.135,岩手県,,四,ハナマキ,33
a0228,大迫,39.47,141.2783,岩手県,,四,オオハサマ,33
a0229,湯田,39.31,140.7767,岩手県,,四,ユダ,33
a0230,北上,39.2883,141.11,岩手県,,四,キタカミ,33
a0231,遠野,39.3383,141.5433,岩手県,,四,トオノ,33
a0232,五葉山,39.1767,141.6617,岩手県,,四,ゴヨウサン,33
a0233,釜石,39.27,141.8783,岩手県,,四,カマイシ,33
a0234,岳山,39.1333,140.8767,岩手県,,四,ダケヤマ,33
a0235,若柳,39.14,141.0633,岩手県,,四,ワカヤナギ,33
a0236,江刺,39.1833,141.1617,岩手県,,四,エサシ,33
s47512,大船渡,39.0633,141.7133,岩手県,,官,オオフナト,33
a0238,一関,38.9333,141.125,岩手県,,四,イチノセキ,33
a0239,千厩,38.9217,141.33,岩手県,,四,センマヤ,33
a0240,室根山,38.97,141.45,岩手県,,四,ムロネヤマ,33
a1028,祭畤,39.0117,140.865,岩手県,,四,マツルベ,33
a1032,好摩,39.8683,141.1667,岩手県,,四,コウマ,33
a1033,山田,39.45,141.9567,岩手県,,四,ヤマダ,33
a1037,大野,40.2817,141.6667,岩手県,,四,オオノ,33
a1045,衣川,39.05,141.045,岩手県,,四,コロモガワ,33
a1078,薮川,39.7833,141.3283,岩手県,,四,ヤブカワ,33
a1113,米里,39.2333,141.31,岩手県,,四,ヨネサト,33
a1118,沢内,39.5483,140.8433,岩手県,,四,サワウチ,33
a1120,荒屋,40.1033,141.05,岩手県,,四,アラヤ,33
a1123,普代,40.0033,141.8833,岩手県,,四,フダイ,33
a1128,紫波,39.5467,141.1267,岩手県,,四,シワ,33
a1168,葛根田,39.7767,140.945,岩手県,,四,カッコンダ,33
a1206,住田,39.1417,141.5733,岩手県,,四,スミタ,33
a1212,小本,39.8467,141.9633,岩手県,,四,オモト,33
a1215,奥中山,40.06,141.225,岩手県,,四,オクナカヤマ,33
a1219,山形,40.1483,141.5717,岩手県,,四,ヤマガタ,33
a1224,川井,39.5983,141.6817,岩手県,,四,カワイ,33
a1225,門馬,39.6333,141.4367,岩手県,,四,カドマ,33
a1332,下戸鎖,40.085,141.7117,岩手県,,四,シモトクサリ,33
a1447,区界,39.65,141.3533,岩手県,,四,クザカイ,33
a1508,大槌,39.4383,141.8067,岩手県,,四,オオツチ,33
a1557,大東,39.0383,141.2967,岩手県,,四,ダイトウ,33
a1558,金ケ崎,39.225,141.015,岩手県,,四,カネガサキ,33
a1560,滝沢,39.78,141.0967,岩手県,,四,タキザワ,33
a1563,附馬牛,39.4567,141.5067,岩手県,,四,ツキモウシ,33
a1598,厳美,38.9833,140.9117,岩手県,,四,ゲンビ,33
a1627,刈屋,39.6417,141.7733,岩手県,,四,カリヤ,33
a1628,新町,39.36,141.905,岩手県,,四,シンチョウ,33
a1629,陸前高田,39.025,141.63,岩手県,,四,リクゼンタカタ,33
a1653,一方井,39.9733,141.1667,岩手県,,四,イッカタイ,33
a0241,栗駒山,38.945,140.8033,宮城県,,四,クリコマヤマ,34
a0242,気仙沼,38.9067,141.5567,宮城県,,四,ケセンヌマ,34
a0243,川渡,38.7433,140.76,宮城県,,四,カワタビ,34
a0244,築館,38.735,141.005,宮城県,,四,ツキダテ,34
a0245,箕輪山,38.6633,140.64,宮城県,,四,ミノワヤマ,34
a0246,志津川,38.6817,141.4483,宮城県,,四,シヅガワ,34
a0247,古川,38.5983,140.9117,宮城県,,四,フルカワ,34
a0248,大衡,38.4733,140.8883,宮城県,,四,オオヒラ,34
a0249,鹿島台,38.46,141.0917,宮城県,,四,カシマダイ,34
s47592,石巻,38.4267,141.2983,宮城県,,官,イシノマキ,34
a0251,新川,38.3033,140.6367,宮城県,,四,ニッカワ,34
a0252,鷹巣山,38.2633,140.5917,宮城県,,四,タカノスヤマ,34
s47590,仙台,38.2617,140.8967,宮城県,,官,センダイ,34
a0254,川崎,38.1783,140.635,宮城県,,四,カワサキ,34
a0255,不忘山,38.0717,140.5017,宮城県,,四,フボウヤマ,34
a0256,白石,38.015,140.6117,宮城県,,四,シロイシ,34
a0257,亘理,38.025,140.8583,宮城県,,四,ワタリ,34
a0985,雄勝,38.52,141.465,宮城県,,四,オガツ,34
a1029,米山,38.625,141.1867,宮城県,,四,ヨネヤマ,34
a1030,塩釜,38.3383,141.0133,宮城県,,四,シオガマ,34
a1126,駒ノ湯,38.9133,140.8283,宮城県,,四,コマノユ,34
a1220,丸森,37.9317,140.7783,宮城県,,四,マルモリ,34
a1267,花山,38.7733,140.8667,宮城県,,四,ハナヤマ,34
a1290,江ノ島,38.3983,141.5967,宮城県,,四,エノシマ,34
a1298,筆甫,37.8267,140.7283,宮城県,,四,ヒッポ,34
a1365,泉ケ岳,38.4067,140.7217,宮城県,,四,イズミガダケ,34
a1464,名取,38.1383,140.9167,宮城県,,四,ナトリ,34
a1526,鴬沢,38.805,140.9483,宮城県,,四,ウグイスザワ,34
a1561,加美,38.5717,140.7267,宮城県,,四,カミ,34
a1564,蔵王,38.1267,140.68,宮城県,,四,ザオウ,34
a1597,栗駒深山,38.8633,140.8433,宮城県,,四,クリコマフカヤマ,34
a1600,栗駒,38.94,140.8167,宮城県,,四,クリコマ,34
a1626,女川,38.4467,141.45,宮城県,,四,オナガワ,34
a1630,桃生,38.56,141.245,宮城県,,四,モノウ,34
a1631,東松島,38.4267,141.2133,宮城県,,四,ヒガシマツシマ,34
a1632,岩沼,38.1067,140.8767,宮城県,,四,イワヌマ,34
a0258,鳥海山,39.0667,140.0367,山形県,,四,チョウカイサン,35
s47587,酒田,38.9083,139.8433,山形県,,官,サカタ,35
a0260,差首鍋,38.9183,140.2,山形県,,四,サスナベ,35
a0261,太平山,38.9017,140.385,山形県,,四,タイヘイザン,35
a0262,金山,38.8783,140.3317,山形県,,四,カネヤマ,35
a0263,鶴岡,38.735,139.8283,山形県,,四,ツルオカ,35
a0264,狩川,38.8,139.9733,山形県,,四,カリカワ,35
s47520,新庄,38.7567,140.3117,山形県,,官,シンジヨウ,35
a0266,瀬見,38.755,140.4133,山形県,,四,セミ,35
a0267,温海岳,38.6283,139.63,山形県,,四,アツミダケ,35
a0268,櫛引,38.6717,139.8483,山形県,,四,クシビキ,35
a0269,月山,38.4983,140.1017,山形県,,四,ガッサン,35
a0270,銀山,38.5617,140.5267,山形県,,四,ギンザン,35
a0271,楯岡,38.4733,140.3983,山形県,,四,タテオカ,35
a0272,左沢,38.37,140.1917,山形県,,四,アテラザワ,35
s47588,山形,38.255,140.345,山形県,,官,ヤマガタ,35
a0274,葉山,38.1617,139.9817,山形県,,四,ハヤマ,35
a0275,長井,38.105,140.015,山形県,,四,ナガイ,35
a0276,蔵王山,38.1567,140.4333,山形県,,四,ザオウサン,35
a0277,小国,38.0783,139.735,山形県,,四,オグニ,35
a0278,高峰,37.99,139.9533,山形県,,四,タカミネ,35
a0279,米沢,37.9117,140.1433,山形県,,四,ヨネザワ,35
a0280,西吾妻山,37.7667,140.1383,山形県,,四,ニシアヅマヤマ,35
a0910,向町,38.7583,140.5167,山形県,,四,ムカイマチ,35
a1038,上草津,38.995,140.0283,山形県,,四,カミクサツ,35
a1039,尾花沢,38.6083,140.4117,山形県,,四,オバナザワ,35
a1040,鼠ケ関,38.5667,139.5517,山形県,,四,ネズガセキ,35
a1103,山毛欅潰山,37.9117,139.815,山形県,,四,ブナツブレヤマ,35
a1125,肘折,38.6067,140.1633,山形県,,四,ヒジオリ,35
a1132,高畠,38.0033,140.2067,山形県,,四,タカハタ,35
a1169,落合,38.605,139.835,山形県,,四,オチアイ,35
a1291,飛島,39.1833,139.5433,山形県,,四,トビシマ,35
a1292,大井沢,38.39,139.9933,山形県,,四,オオイサワ,35
a1357,荒沢,38.5083,139.7817,山形県,,四,アラサワ,35
a1372,中津川,37.91,139.8433,山形県,,四,ナカツガワ,35
a1428,白鷹山,38.2217,140.185,山形県,,四,シラタカヤマ,35
a1465,浜中,38.8117,139.7867,山形県,,四,ハマナカ,35
a1488,東根,38.4117,140.37,山形県,,四,ヒガシネ,35
a1539,村山,38.46,140.3483,山形県,,四,ムラヤマ,35
a1562,上山中山,38.1167,140.2133,山形県,,四,カミノヤマナカヤマ,35
a1664,酒田大沢,38.965,139.9983,山形県,,四,サカタオオサワ,35
a0295,浪江,37.4917,140.965,福島県,,四,ナミエ,36
a0304,小野新町,37.2867,140.625,福島県,,四,オノニイマチ,36
a1034,広野,37.2333,141.0,福島県,,四,ヒロノ,36
a1129,川内,37.3367,140.8083,福島県,,四,カワウチ,36
a0285,相馬,37.7833,140.925,福島県,,四,ソウマ,36
a0299,郡山,37.3683,140.33,福島県,,四,コオリヤマ,36
a0281,梁川,37.8517,140.5883,福島県,,四,ヤナガワ,36
a0282,稲荷峠,37.7567,139.735,福島県,,四,イナリトウゲ,36
a0283,吾妻山,37.7217,140.275,福島県,,四,アヅマヤマ,36
s47595,福島,37.7583,140.47,福島県,,官,フクシマ,36
a0286,喜多方,37.6583,139.8633,福島県,,四,キタカタ,36
a0287,八木沢,37.6967,140.82,福島県,,四,ヤギサワ,36
a0288,原町,37.6383,140.9833,福島県,,四,ハラマチ,36
a0289,飯谷山,37.5267,139.6833,福島県,,四,イイタニヤマ,36
a0290,猪苗代,37.5517,140.1083,福島県,,四,イナワシロ,36
a0291,二本松,37.5833,140.43,福島県,,四,ニホンマツ,36
a0292,白馬石山,37.58,140.725,福島県,,四,シラウマイシヤマ,36
s47570,若松,37.4883,139.91,福島県,,官,ワカマツ,36
a0294,船引,37.435,140.5767,福島県,,四,フネヒキ,36
a0296,浅草岳,37.3433,139.2367,福島県,,四,アサクサダケ,36
a0297,只見,37.3433,139.3133,福島県,,四,タダミ,36
a0298,博士峠,37.34,139.7233,福島県,,四,ハカセトウゲ,36
a0300,富岡,37.3467,141.0167,福島県,,四,トミオカ,36
a0301,南郷,37.265,139.5367,福島県,,四,ナンゴウ,36
a0302,駒止峠,37.21,139.6133,福島県,,四,コマドメトウゲ,36
a0303,田島,37.2067,139.795,福島県,,四,タジマ,36
a0305,観音山,37.1833,139.925,福島県,,四,カンノンヤマ,36
s47597,白河,37.1317,140.215,福島県,,官,シラカワ,36
a0307,石川,37.1467,140.46,福島県,,四,イシカワ,36
a0308,山王峠,37.0683,139.7317,福島県,,四,サンノウトウゲ,36
a0309,大辷山,37.08,140.6367,福島県,,四,オオツベヤマ,36
a0310,平,37.065,140.8767,福島県,,四,タイラ,36
a0311,田代山,36.98,139.4817,福島県,,四,タシロヤマ,36
a0312,東白川,36.9383,140.4083,福島県,,四,ヒガシシラカワ,36
s47598,小名浜,36.9467,140.9033,福島県,,官,オナハマ,36
a1031,西会津,37.5883,139.6567,福島県,,四,ニシアイヅ,36
a1044,金山,37.4733,139.5283,福島県,,四,カネヤマ,36
a1116,鷲倉,37.6683,140.26,福島県,,四,ワシクラ,36
a1127,上遠野,37.0083,140.7367,福島県,,四,カトオノ,36
a1130,飯舘,37.665,140.7267,福島県,,四,イイタテ,36
a1150,津島,37.56,140.7533,福島県,,四,ツシマ,36
a1268,長沼,37.2883,140.2183,福島県,,四,ナガヌマ,36
a1269,舘岩,37.0917,139.5317,福島県,,四,タテイワ,36
a1274,川前,37.2467,140.7233,福島県,,四,カワマエ,36
a1282,桧原,37.7217,140.0583,福島県,,四,ヒバラ,36
a1293,茂庭,37.8917,140.4367,福島県,,四,モニワ,36
a1294,湯本,37.2767,140.0633,福島県,,四,ユモト,36
a1295,桧枝岐,37.01,139.375,福島県,,四,ヒノエマタ,36
a1359,吉尾峠,37.3467,139.5567,福島県,,四,ヨシオトウゲ,36
a1364,六十里越,37.3033,139.2167,福島県,,四,ロクジュウリゴエ,36
a1386,湖南,37.3883,140.09,福島県,,四,コナン,36
a1466,玉川,37.2267,140.4267,福島県,,四,タマカワ,36
a1607,山田,36.9333,140.7333,福島県,,四,ヤマダ,36
a1633,新地,37.875,140.9183,福島県,,四,シンチ,36
a1634,古殿,37.09,140.56,福島県,,四,フルドノ,36
a0314,花園,36.8683,140.6367,茨城県,,四,ハナゾノ,40
a0315,北茨城,36.8333,140.7717,茨城県,,四,キタイバラキ,40
a0316,大子,36.7783,140.345,茨城県,,四,ダイゴ,40
a0317,神峰山,36.6333,140.6083,茨城県,,四,カミネサン,40
a0318,笠間,36.395,140.24,茨城県,,四,カサマ,40
s47629,水戸,36.38,140.4667,茨城県,,官,ミト,40
a0320,古河,36.2017,139.7167,茨城県,,四,コガ,40
a0321,愛宕山,36.29,140.255,茨城県,,四,アタゴサン,40
a0322,下妻,36.1683,139.945,茨城県,,四,シモツマ,40
a0323,坂東,36.035,139.8933,茨城県,,四,バンドウ,40
a0324,土浦,36.1033,140.22,茨城県,,四,ツチウラ,40
a0325,鹿嶋,35.9633,140.6217,茨城県,,四,カシマ,40
a0911,江戸崎,35.96,140.32,茨城県,,四,エドサキ,40
a1011,日立,36.58,140.645,茨城県,,四,ヒタチ,40
a1012,柿岡,36.2333,140.1883,茨城県,,四,カキオカ,40
a1013,美野里,36.2367,140.325,茨城県,,四,ミノリ,40
a1014,龍ケ崎,35.89,140.2117,茨城県,,四,リュウガサキ,40
a1082,筑波山,36.225,140.0983,茨城県,,四,ツクバサン,40
a1170,中野,36.515,140.4733,茨城県,,四,ナカノ,40
a1173,徳田,36.7783,140.4817,茨城県,,四,トクダ,40
a1245,鉾田,36.1683,140.5267,茨城県,,四,ホコタ,40
a1331,常陸大宮,36.6067,140.325,茨城県,,四,ヒタチオオミヤ,40
a1388,門井,36.3333,140.0333,茨城県,,四,カドイ,40
a1421,大能,36.7433,140.5933,茨城県,,四,オオノウ,40
s47646,つくば（館野）,36.0567,140.125,茨城県,,官,ツクバ（タテノ）,40
a1530,下館,36.2817,139.9883,茨城県,,四,シモダテ,40
a1635,高萩,36.7067,140.7167,茨城県,,四,タカハギ,40
a1661,常総,36.1133,139.98,茨城県,,四,ジョウソウ,40
a0326,那須高原,37.1233,140.035,栃木県,,四,ナスコウゲン,41
a0327,黒田原,37.02,140.12,栃木県,,四,クロダワラ,41
a0328,八方が原,36.92,139.8333,栃木県,,四,ハッポウガハラ,41
a0329,黒磯,36.9817,140.0183,栃木県,,四,クロイソ,41
a0330,八溝山,36.9367,140.2583,栃木県,,四,ヤミゾサン,41
a0331,大田原,36.84,140.035,栃木県,,四,オオタワラ,41
s47690,奥日光（日光）,36.7383,139.5,栃木県,,官,オクニッコウ（ニッコウ）,41
a0333,方塞山,36.63,139.5083,栃木県,,四,ホウサイザン,41
a0334,高根沢,36.6067,139.9983,栃木県,,四,タカネザワ,41
a0335,鹿沼,36.5917,139.735,栃木県,,四,カヌマ,41
s47615,宇都宮,36.5483,139.8683,栃木県,,官,ウツノミヤ,41
a0337,葛生,36.4317,139.59,栃木県,,四,クズウ,41
a0338,真岡,36.4767,139.9867,栃木県,,四,モオカ,41
a0339,足利,36.3417,139.4617,栃木県,,四,アシカガ,41
a0340,栃木,36.3733,139.7033,栃木県,,四,トチギ,41
a0341,小山,36.3383,139.83,栃木県,,四,オヤマ,41
a1015,五十里,36.9217,139.695,栃木県,,四,イカリ,41
a1016,足尾,36.6467,139.4483,栃木県,,四,アシオ,41
a1017,烏山,36.65,140.1467,栃木県,,四,カラスヤマ,41
a1018,佐野,36.3633,139.57,栃木県,,四,サノ,41
a1221,土呂部,36.8917,139.5683,栃木県,,四,ドロブ,41
a1333,今市,36.7267,139.6767,栃木県,,四,イマイチ,41
a1334,塩谷,36.7567,139.8833,栃木県,,四,シオヤ,41
a1605,那須烏山,36.6417,140.1167,栃木県,,四,ナスカラスヤマ,41
a1675,日光東町,36.75,139.615,栃木県,,四,ニッコウヒガシマチ,41
a0342,前武尊,36.7683,139.1633,群馬県,,四,マエホタカ,42
a0343,草津,36.6167,138.5917,群馬県,,四,クサツ,42
a0344,野反湖,36.69,138.6517,群馬県,,四,ノゾリコ,42
a0345,雨見山,36.69,138.8633,群馬県,,四,アマミヤマ,42
a0346,沼田,36.6683,139.0217,群馬県,,四,ヌマタ,42
a0347,赤城山,36.54,139.175,群馬県,,四,アカギヤマ,42
a0348,田代,36.4633,138.4633,群馬県,,四,タシロ,42
a0349,榛名山,36.4717,138.8733,群馬県,,四,ハルナサン,42
s47624,前橋,36.405,139.06,群馬県,,官,マエバシ,42
a0351,桐生,36.41,139.325,群馬県,,四,キリュウ,42
a0352,一の字山,36.3717,138.6583,群馬県,,四,イチノジヤマ,42
a0353,上里見,36.3767,138.895,群馬県,,四,カミサトミ,42
a0354,西野牧,36.245,138.7067,群馬県,,四,ニシノマキ,42
a0355,藤岡,36.2417,139.07,群馬県,,四,フジオカ,42
a0356,館林,36.24,139.5133,群馬県,,四,タテバヤシ,42
a0357,稲含山,36.17,138.8633,群馬県,,四,イナフクミヤマ,42
a1019,みなかみ,36.7733,138.965,群馬県,,四,ミナカミ,42
a1020,中之条,36.5867,138.85,群馬県,,四,ナカノジョウ,42
a1021,伊勢崎,36.3317,139.165,群馬県,,四,イセサキ,42
a1174,片品,36.7717,139.2383,群馬県,,四,カタシナ,42
a1222,藤原,36.8633,139.0583,群馬県,,四,フジワラ,42
a1223,神流,36.1083,138.8967,群馬県,,四,カンナ,42
a1259,黒保根,36.5017,139.2833,群馬県,,四,クロホネ,42
a1375,高手山,36.75,139.0983,群馬県,,四,タカテヤマ,42
s47626,熊谷,36.15,139.38,埼玉県,,官,クマガヤ,43
a0359,久喜,36.0867,139.635,埼玉県,,四,クキ,43
s47641,秩父,35.99,139.0733,埼玉県,,官,チチブ,43
a0361,堂平,36.005,139.19,埼玉県,,四,ドウダイラ,43
a0362,飯能,35.8383,139.3217,埼玉県,,四,ハンノウ,43
a0363,さいたま,35.875,139.5867,埼玉県,,四,サイタマ,43
a0364,越谷,35.8833,139.7567,埼玉県,,四,コシガヤ,43
a1000,三峰,35.9267,138.9233,埼玉県,,四,ミツミネ,43
a1009,寄居,36.105,139.1833,埼玉県,,四,ヨリイ,43
a1069,鴻巣,36.065,139.5217,埼玉県,,四,コウノス,43
a1070,所沢,35.7733,139.4133,埼玉県,,四,トコロザワ,43
a1159,浦山,35.92,139.07,埼玉県,,四,ウラヤマ,43
a1182,上吉田,36.0533,138.98,埼玉県,,四,カミヨシダ,43
a1232,鳩山,35.985,139.335,埼玉県,,四,ハトヤマ,43
a1497,ときがわ,35.99,139.2067,埼玉県,,四,トキガワ,43
a0365,小河内,35.7917,139.05,東京都,,四,オゴウチ,44
a0366,八王子,35.6667,139.3167,東京都,,四,ハチオウジ,44
a0367,調布,35.6683,139.53,東京都,,四,チョウフ,44
a0368,世田谷,35.6267,139.62,東京都,,四,セタガヤ,44
s47662,東京,35.6917,139.75,東京都,,官,トウキヨウ,44
a0370,江戸川臨海,35.6383,139.8633,東京都,,四,エドガワリンカイ,44
a0371,羽田,35.5533,139.78,東京都,,四,ハネダ,44
s47675,大島,34.7483,139.3617,東京都,,官,オオシマ,44
s47677,三宅島,34.1233,139.52,東京都,,官,ミヤケジマ,44
s47678,八丈島,33.1217,139.7783,東京都,,官,ハチジヨウ,44
a1001,青梅,35.7883,139.3117,東京都,,四,オウメ,44
a1002,練馬,35.7383,139.5917,東京都,,四,ネリマ,44
a1133,府中,35.6833,139.4833,東京都,,四,フチュウ,44
a1134,新島,34.3733,139.2517,東京都,,四,ニイジマ,44
a1180,小沢,35.735,139.1233,東京都,,四,オザワ,44
s47971,父島,27.0917,142.19,東京都,,官,チチジマ,44
a1467,大島北ノ山,34.7817,139.36,東京都,,四,オオシマキタノヤマ,44
a1468,八重見ヶ原,33.115,139.785,東京都,,四,ヤエミガハラ,44
a1505,神津島,34.205,139.1333,東京都,,四,コウヅシマ,44
a1506,三宅坪田,34.0733,139.56,東京都,,四,ミヤケツボタ,44
a1509,三宅島阿古,34.08,139.4817,東京都,,四,ミヤケジマアコ,44
a1522,新島,34.3683,139.2683,東京都,,四,ニイジマ,44
a1523,神津島,34.1883,139.1333,東京都,,四,コウヅシマ,44
a1525,三宅伊豆,34.12,139.5033,東京都,,四,ミヤケイズ,44
s47991,南鳥島,24.2883,153.9833,東京都,,官,ミナミトリシマ,44
a1595,母島,26.635,142.1617,東京都,,四,ハハジマ,44
a1642,大島臨時,34.7483,139.3617,東京都,,四,オオシマリンジ,44
a1643,大島泉津,34.7783,139.4217,東京都,,四,オオシマセンヅ,44
a1644,大島差木地,34.6833,139.4133,東京都,,四,オオシマサシキジ,44
a1646,利島,34.5283,139.2817,東京都,,四,トシマ,44
a1648,青ヶ島,32.4667,139.76,東京都,,四,アオガシマ,44
a0375,香取,35.8583,140.5017,千葉県,,四,カトリ,45
a0376,我孫子,35.8633,140.11,千葉県,,四,アビコ,45
a0377,東庄,35.795,140.6817,千葉県,,四,トウノショウ,45
a0378,成田,35.7633,140.385,千葉県,,四,ナリタ,45
s47648,銚子,35.7383,140.8567,千葉県,,官,チヨウシ,45
s47682,千葉,35.6017,140.1033,千葉県,,官,チバ,45
a0381,茂原,35.4367,140.2933,千葉県,,四,モバラ,45
a0382,木更津,35.3617,139.94,千葉県,,四,キサラヅ,45
a0383,鋸南,35.1217,139.8367,千葉県,,四,キョナン,45
a0384,鴨川,35.1117,140.1,千葉県,,四,カモガワ,45
s47674,勝浦,35.15,140.3117,千葉県,,官,カツウラ,45
s47672,館山,34.9867,139.865,千葉県,,官,タテヤマ,45
a0916,佐倉,35.7283,140.2117,千葉県,,四,サクラ,45
a1003,横芝光,35.655,140.505,千葉県,,四,ヨコシバヒカリ,45
a1004,大多喜,35.2517,140.215,千葉県,,四,オオタキ,45
a1236,船橋,35.7117,140.0433,千葉県,,四,フナバシ,45
a1238,牛久,35.3967,140.1483,千葉県,,四,ウシク,45
a1241,坂畑,35.235,140.0983,千葉県,,四,サカハタ,45
a0387,相模湖,35.6133,139.1933,神奈川県,,四,サガミコ,46
a0388,海老名,35.4333,139.3867,神奈川県,,四,エビナ,46
s47670,横浜,35.4383,139.6517,神奈川県,,官,ヨコハマ,46
a0390,箱根,35.2217,139.0417,神奈川県,,四,ハコネ,46
a0391,江ノ島,35.2983,139.48,神奈川県,,四,エノシマ,46
a0392,三浦,35.1783,139.63,神奈川県,,四,ミウラ,46
a1005,相模原中央,35.5717,139.37,神奈川県,,四,サガミハラチュウオウ,46
a1006,日吉,35.5517,139.65,神奈川県,,四,ヒヨシ,46
a1007,平塚,35.345,139.305,神奈川県,,四,ヒラツカ,46
a1008,小田原,35.2767,139.155,神奈川県,,四,オダワラ,46
a1096,丹沢湖,35.41,139.0433,神奈川県,,四,タンザワコ,46
a1443,辻堂,35.32,139.45,神奈川県,,四,ツジドウ,46
a0393,野沢温泉,36.9117,138.4417,長野県,,四,ノザワオンセン,48
a0394,信濃町,36.8083,138.1967,長野県,,四,シナノマチ,48
a0395,飯山,36.875,138.375,長野県,,四,イイヤマ,48
a0396,白馬,36.6983,137.8617,長野県,,四,ハクバ,48
s47610,長野,36.6617,138.1917,長野県,,官,ナガノ,48
a0398,笠岳,36.665,138.4583,長野県,,四,カサダケ,48
a0399,大町,36.5233,137.8317,長野県,,四,オオマチ,48
a0400,信州新町,36.5483,137.9967,長野県,,四,シンシュウシンマチ,48
a0401,四阿屋山,36.4183,138.055,長野県,,四,アズマヤサン,48
a0402,上田,36.4,138.265,長野県,,四,ウエダ,48
a0403,燕岳,36.3883,137.7383,長野県,,四,ツバクロダケ,48
a0404,穂高,36.3433,137.8817,長野県,,四,ホタカ,48
s47622,軽井沢,36.3417,138.5467,長野県,,官,カルイザワ,48
s47618,松本,36.2467,137.97,長野県,,官,マツモト,48
a0407,鹿教湯,36.3017,138.1367,長野県,,四,カケユ,48
a0408,佐久,36.2467,138.4767,長野県,,四,サク,48
a0409,高ボッチ,36.15,138.0433,長野県,,四,タカボッチ,48
a0410,茂来山,36.1083,138.5333,長野県,,四,モライサン,48
s47620,諏訪,36.045,138.1083,長野県,,官,スワ,48
a0412,八ケ岳,36.0267,138.3117,長野県,,四,ヤツガタケ,48
a0413,木曽平沢,35.9833,137.835,長野県,,四,キソヒラサワ,48
a0414,原村,35.97,138.22,長野県,,四,ハラムラ,48
a0415,野辺山,35.9483,138.4717,長野県,,四,ノベヤマ,48
a0416,御嶽山,35.8717,137.5033,長野県,,四,オンタケサン,48
a0417,木曽福島,35.84,137.6883,長野県,,四,キソフクシマ,48
a0418,高遠,35.8383,138.0567,長野県,,四,タカトウ,48
a0419,入笠山,35.89,138.155,長野県,,四,ニュウカサヤマ,48
a0420,宮田高原,35.7733,137.885,長野県,,四,ミヤダコウゲン,48
a0421,松峯,35.74,138.1183,長野県,,四,マツミネ,48
a0422,須原,35.6983,137.6917,長野県,,四,スハラ,48
a0423,摺古木山,35.5933,137.7333,長野県,,四,スリコギヤマ,48
a0424,飯島,35.6533,137.8983,長野県,,四,イイジマ,48
a0425,笹山,35.6083,138.085,長野県,,四,ササヤマ,48
s47637,飯田,35.5233,137.8217,長野県,,官,イイダ,48
a0427,恵那山,35.4283,137.62,長野県,,四,エナサン,48
a0428,鶯巣,35.2633,137.83,長野県,,四,ウグス,48
a0992,菅平,36.5317,138.325,長野県,,四,スガダイラ,48
a0993,東御,36.3833,138.3833,長野県,,四,トウミ,48
a0994,上高地,36.2483,137.6333,長野県,,四,カミコウチ,48
a1022,南木曽,35.61,137.62,長野県,,四,ナギソ,48
a1090,南小谷,36.8,137.905,長野県,,四,ミナミオタリ,48
a1162,鬼無里,36.6883,137.965,長野県,,四,キナサ,48
a1300,立科,36.2717,138.3133,長野県,,四,タテシナ,48
a1312,奈川,36.0883,137.6833,長野県,,四,ナガワ,48
a1314,開田高原,35.9383,137.6017,長野県,,四,カイダコウゲン,48
a1317,浪合,35.3733,137.6917,長野県,,四,ナミアイ,48
a1319,辰野,35.9833,137.9833,長野県,,四,タツノ,48
a1323,南信濃,35.3217,137.9317,長野県,,四,ミナミシナノ,48
a1339,阿南,35.3133,137.8117,長野県,,四,アナン,48
a1360,聖高原,36.4867,138.0683,長野県,,四,ヒジリコウゲン,48
a1392,網掛山,35.4483,137.6967,長野県,,四,アミカケヤマ,48
a1394,大鹿,35.5567,138.04,長野県,,四,オオシカ,48
a1397,杉島,35.7267,138.0933,長野県,,四,スギシマ,48
a1399,十石峠,36.1083,138.645,長野県,,四,ジッコクトウゲ,48
a1411,小谷,36.8217,137.93,長野県,,四,オタリ,48
a1445,伊那,35.825,137.955,長野県,,四,イナ,48
a1529,松本今井,36.1667,137.9217,長野県,,四,マツモトイマイ,48
a1549,北相木,36.0717,138.6117,長野県,,四,キタアイキ,48
a1550,白樺湖,36.105,138.2283,長野県,,四,シラカバコ,48
a1551,高遠,35.9533,138.1083,長野県,,四,タカトオ,48
a1591,宮田,35.7517,137.9117,長野県,,四,ミヤダ,48
a1659,王滝大又,35.8267,137.5517,長野県,,四,オウタキオオマタ,48
a1666,木祖薮原,35.9367,137.7867,長野県,,四,キソヤブハラ,48
a0429,剣ノ峰,35.8283,138.64,山梨県,,四,ケンノミネ,49
a0430,日向山,35.7983,138.2867,山梨県,,四,ヒナタヤマ,49
a0431,大菩薩,35.735,138.8367,山梨県,,四,ダイボサツ,49
s47638,甲府,35.6667,138.5533,山梨県,,官,コウフ,49
a0433,勝沼,35.6633,138.725,山梨県,,四,カツヌマ,49
a0434,大月,35.6083,138.9383,山梨県,,四,オオツキ,49
a0435,八町山,35.5433,138.4117,山梨県,,四,ハッチョウヤマ,49
a0436,古関,35.5283,138.615,山梨県,,四,フルセキ,49
s47640,河口湖,35.5,138.76,山梨県,,官,カワグチコ,49
a0438,山中,35.4367,138.8367,山梨県,,四,ヤマナカ,49
a0439,南部,35.2883,138.445,山梨県,,四,ナンブ,49
a1023,大泉,35.8617,138.3867,山梨県,,四,オオイズミ,49
a1024,韮崎,35.6933,138.4483,山梨県,,四,ニラサキ,49
a1165,上野原,35.62,139.105,山梨県,,四,ウエノハラ,49
a1234,切石,35.4667,138.4417,山梨県,,四,キリイシ,49
s47639,富士山,35.36,138.7267,山梨県,,官,フジサン,49
a1599,乙女湖,35.8067,138.655,山梨県,,四,オトメコ,49
a1640,富士川,35.5617,138.4483,山梨県,,四,フジカワ,49
a0440,白糸,35.3117,138.5783,静岡県,,四,シライト,50
a0441,御殿場,35.305,138.9267,静岡県,,四,ゴテンバ,50
a0442,富士,35.185,138.6633,静岡県,,四,フジ,50
s47657,三島,35.1133,138.925,静岡県,,官,ミシマ,50
a0444,越木平,35.01,137.98,静岡県,,四,コシキダイラ,50
a0445,川根本町,35.1017,138.1283,静岡県,,四,カワネホンチョウ,50
a0446,大山,35.0517,138.2817,静岡県,,四,オオヤマ,50
s47668,網代,35.045,139.0917,静岡県,,官,アジロ,50
a0448,高根山,34.975,138.1967,静岡県,,四,タカネサン,50
s47656,静岡,34.975,138.4033,静岡県,,官,シズオカ,50
a0450,霧山,34.875,137.6917,静岡県,,四,キリヤマ,50
a0451,天竜,34.89,137.8133,静岡県,,四,テンリュウ,50
a0452,島田,34.84,138.1433,静岡県,,四,シマダ,50
a0453,湯ケ島,34.9,138.925,静岡県,,四,ユガシマ,50
a0454,天城山,34.8717,139.0233,静岡県,,四,アマギサン,50
s47654,浜松,34.7533,137.7117,静岡県,,官,ハママツ,50
a0456,松崎,34.755,138.7833,静岡県,,四,マツザキ,50
a0457,稲取,34.7817,139.0483,静岡県,,四,イナトリ,50
s47655,御前崎,34.6033,138.2133,静岡県,,官,オマエザキ,50
s47666,石廊崎,34.6033,138.8417,静岡県,,官,イロウザキ,50
a0986,佐久間,35.0567,137.7617,静岡県,,四,サクマ,50
a0987,土肥,34.8767,138.7617,静岡県,,四,トイ,50
a0988,三ヶ日,34.8017,137.5567,静岡県,,四,ミッカビ,50
a0989,掛川,34.7683,137.995,静岡県,,四,カケガワ,50
a1105,熊,34.9583,137.7333,静岡県,,四,クマ,50
a1106,三倉,34.96,137.9433,静岡県,,四,ミクラ,50
a1114,梅ケ島,35.2367,138.3417,静岡県,,四,ウメガシマ,50
a1243,清水,35.0533,138.5217,静岡県,,四,シミズ,50
a1244,磐田,34.6917,137.88,静岡県,,四,イワタ,50
a1335,菊川牧之原,34.785,138.1383,静岡県,,四,キクガワマキノハラ,50
a1338,井川,35.2167,138.2217,静岡県,,四,イカワ,50
a1393,三倉,34.895,137.94,静岡県,,四,ミクラ,50
a1440,鍵穴,35.0483,138.2467,静岡県,,四,カギアナ,50
a1601,静岡空港,34.795,138.1883,静岡県,,四,シズオカクウコウ,50
a1662,春野,35.0117,137.945,静岡県,,四,ハルノ,50
a1668,有東木,35.2067,138.3683,静岡県,,四,ウトウギ,50
a1673,熱海伊豆山,35.115,139.0833,静岡県,,四,アタミイズサン,50
a0460,一宮,35.2983,136.8533,愛知県,,四,イチノミヤ,51
a0461,豊山,35.255,136.9233,愛知県,,四,トヨヤマ,51
a0462,茶臼山,35.22,137.66,愛知県,,四,チャウスヤマ,51
s47636,名古屋,35.1667,136.965,愛知県,,官,ナゴヤ,51
a0464,豊田,35.1317,137.1767,愛知県,,四,トヨタ,51
a0465,東海,35.0233,136.9017,愛知県,,四,トウカイ,51
a0466,出来山,35.095,137.4167,愛知県,,四,デキヤマ,51
a0467,岡崎,34.9183,137.1933,愛知県,,四,オカザキ,51
a0468,作手,34.9767,137.425,愛知県,,四,ツクデ,51
a0469,一色,34.8117,137.0283,愛知県,,四,イッシキ,51
a0470,豊橋,34.75,137.3417,愛知県,,四,トヨハシ,51
s47653,伊良湖,34.6283,137.0933,愛知県,,官,イラコ,51
a0472,田原,34.6267,137.2217,愛知県,,四,タハラ,51
a0982,稲武,35.2117,137.5067,愛知県,,四,イナブ,51
a0983,蟹江,35.1367,136.7917,愛知県,,四,カニエ,51
a0984,南知多,34.74,136.9383,愛知県,,四,ミナミチタ,51
a1166,小原,35.2283,137.285,愛知県,,四,オバラ,51
a1341,鳳来,34.9317,137.575,愛知県,,四,ホウライ,51
a1344,蒲郡,34.845,137.2167,愛知県,,四,ガマゴオリ,51
a1346,愛西,35.2167,136.6983,愛知県,,四,アイサイ,51
a1541,新城,34.9067,137.5183,愛知県,,四,シンシロ,51
a1555,セントレア,34.8583,136.805,愛知県,,四,セントレア,51
a1576,阿蔵,35.0783,137.4133,愛知県,,四,アゾウ,51
a1638,大府,34.995,136.9433,愛知県,,四,オオブ,51
a0473,神岡,36.3217,137.3083,岐阜県,,四,カミオカ,52
a0474,流葉山,36.3267,137.2483,岐阜県,,四,ナガレハヤマ,52
a0475,森茂,36.175,137.025,岐阜県,,四,モリモ,52
s47617,高山,36.155,137.2533,岐阜県,,官,タカヤマ,52
a0477,乗鞍岳,36.1217,137.5567,岐阜県,,四,ノリクラダケ,52
a0478,大日岳,36.0217,136.8533,岐阜県,,四,ダイニチダケ,52
a0479,新渕山,36.0317,136.975,岐阜県,,四,アラブチヤマ,52
a0480,船山,36.035,137.26,岐阜県,,四,フナヤマ,52
a0481,白尾山,35.9033,136.9483,岐阜県,,四,シラオサン,52
a0482,白鳥,35.8683,136.8633,岐阜県,,四,シロトリ,52
a0483,萩原,35.8883,137.2067,岐阜県,,四,ハギワラ,52
a0484,蕪山,35.735,136.7983,岐阜県,,四,カブラヤマ,52
a0485,八幡,35.7567,136.9783,岐阜県,,四,ハチマン,52
a0486,樽見,35.6383,136.6017,岐阜県,,四,タルミ,52
a0487,金山,35.6617,137.16,岐阜県,,四,カナヤマ,52
a0488,三界山,35.65,137.5167,岐阜県,,四,サンガイヤマ,52
a0489,権現山,35.5817,136.5017,岐阜県,,四,ゴンゲンヤマ,52
a0490,伽藍,35.515,137.23,岐阜県,,四,ガラン,52
a0491,美濃加茂,35.445,137.005,岐阜県,,四,ミノカモ,52
a0492,柄石峠,35.4033,137.2067,岐阜県,,四,ガライシトウゲ,52
a0493,恵那,35.4467,137.4033,岐阜県,,四,エナ,52
a0494,中津川,35.4767,137.4867,岐阜県,,四,ナカツガワ,52
a0495,関ケ原,35.3633,136.4667,岐阜県,,四,セキガハラ,52
a0496,大垣,35.3467,136.62,岐阜県,,四,オオガキ,52
s47632,岐阜,35.4,136.7617,岐阜県,,官,ギフ,52
a0498,三森山,35.3767,137.5267,岐阜県,,四,ミツモリサン,52
a1057,美濃,35.555,136.91,岐阜県,,四,ミノ,52
a1058,多治見,35.3467,137.1083,岐阜県,,四,タジミ,52
a1059,上石津,35.2467,136.4583,岐阜県,,四,カミイシヅ,52
a1061,栃尾,36.2483,137.5033,岐阜県,,四,トチオ,52
a1066,宮地,35.7633,137.2883,岐阜県,,四,ミヤジ,52
a1153,平井,35.5667,136.7283,岐阜県,,四,ヒライ,52
a1299,長滝,35.9233,136.8317,岐阜県,,四,ナガタキ,52
a1301,揖斐川,35.485,136.5667,岐阜県,,四,イビガワ,52
a1305,六厩,36.06,137.035,岐阜県,,四,ムマヤ,52
a1306,白川,36.2733,136.8967,岐阜県,,四,シラカワ,52
a1308,河合,36.305,137.1,岐阜県,,四,カワイ,52
a1311,宮之前,36.015,137.3883,岐阜県,,四,ミヤノマエ,52
a1313,黒川,35.5983,137.3183,岐阜県,,四,クロカワ,52
a1363,大日,36.0183,136.8817,岐阜県,,四,ダイニチ,52
a1384,付知,35.6617,137.4267,岐阜県,,四,ツケチ,52
a1387,御母衣,36.1467,136.9083,岐阜県,,四,ミボロ,52
a1390,小津,35.5617,136.54,岐阜県,,四,オヅ,52
a1396,十二岳,36.1883,137.3683,岐阜県,,四,ジュウニダケ,52
a1436,ひるがの,36.01,136.8933,岐阜県,,四,ヒルガノ,52
a1437,清見,36.18,137.045,岐阜県,,四,キヨミ,52
a1438,丹生川,36.1867,137.3717,岐阜県,,四,ニュウカワ,52
a1577,関市板取,35.7233,136.7833,岐阜県,,四,セキシイタドリ,52
a0499,北勢,35.1433,136.5383,三重県,,四,ホクセイ,53
a0500,桑名,35.05,136.6933,三重県,,四,クワナ,53
a0501,雲母峰,34.9983,136.4583,三重県,,四,キララミネ,53
s47684,四日市,34.94,136.58,三重県,,官,ヨツカイチ,53
a0503,亀山,34.87,136.4533,三重県,,四,カメヤマ,53
s47649,上野,34.7617,136.1417,三重県,,官,ウエノ,53
a0505,笠取山,34.725,136.3083,三重県,,四,カサトリヤマ,53
s47651,津,34.7333,136.5183,三重県,,官,ツ,53
a0507,名張,34.6267,136.1083,三重県,,四,ナバリ,53
a0508,国見山,34.565,136.1567,三重県,,四,クニミヤマ,53
a0509,小俣,34.5283,136.665,三重県,,四,オバタ,53
a0510,粥見,34.4483,136.39,三重県,,四,カユミ,53
a0511,藤坂峠,34.3233,136.4883,三重県,,四,フジサカトウゲ,53
s47663,尾鷲,34.0683,136.1933,三重県,,官,オワセ,53
a0513,八幡峠,34.06,136.11,三重県,,四,ハチマントウゲ,53
a0514,熊野,33.8917,136.0933,三重県,,四,クマノ,53
a0918,大台,34.3917,136.4083,三重県,,四,オオダイ,53
a0990,松阪,34.56,136.5367,三重県,,四,マツザカ,53
a0991,磯部,34.3733,136.805,三重県,,四,イソベ,53
a1230,鳥羽,34.4817,136.825,三重県,,四,トバ,53
a1255,宮川,34.2783,136.2083,三重県,,四,ミヤガワ,53
a1258,南伊勢,34.345,136.6817,三重県,,四,ミナミイセ,53
a1349,紀伊長島,34.2083,136.3267,三重県,,四,キイナガシマ,53
a1356,白山,34.625,136.3217,三重県,,四,ハクサン,53
a1381,阿児,34.3083,136.8733,三重県,,四,アゴ,53
a1423,御浜,33.8517,135.98,三重県,,四,ミハマ,53
a1532,熊野新鹿,33.9317,136.1383,三重県,,四,クマノアタシカ,53
a0515,村上,38.2267,139.4783,新潟県,,四,ムラカミ,54
a0516,鷲ケ巣山,38.2283,139.6383,新潟県,,四,ワシガスヤマ,54
s47602,相川,38.0283,138.24,新潟県,,官,アイカワ,54
a0518,両津,38.0733,138.44,新潟県,,四,リョウツ,54
s47604,新潟,37.8933,139.0183,新潟県,,官,ニイガタ,54
a0520,二王子岳,37.9067,139.4517,新潟県,,四,ニノウジダケ,54
a0521,新津,37.7917,139.0867,新潟県,,四,ニイツ,54
a0522,巻,37.7683,138.9133,新潟県,,四,マキ,54
a0523,宝珠山,37.7783,139.2883,新潟県,,四,ホウシュサン,54
a0524,寺泊,37.64,138.7667,新潟県,,四,テラドマリ,54
a0525,三条,37.64,138.955,新潟県,,四,サンジョウ,54
a0526,村松,37.6967,139.1883,新潟県,,四,ムラマツ,54
a0527,津川,37.6717,139.4467,新潟県,,四,ツガワ,54
a0528,粟ヶ岳,37.58,139.135,新潟県,,四,アワガタケ,54
a0529,長岡,37.45,138.8233,新潟県,,四,ナガオカ,54
a0530,栃尾,37.475,138.9917,新潟県,,四,トチオ,54
a0531,守門岳,37.405,139.09,新潟県,,四,スモンダケ,54
a0532,柏崎,37.3517,138.5533,新潟県,,四,カシワザキ,54
a0533,桜坂峠,37.2117,138.5267,新潟県,,四,サクラザカトウゲ,54
a0534,小出,37.2267,138.9633,新潟県,,四,コイデ,54
s47612,高田,37.1067,138.2467,新潟県,,官,タカダ,54
a0536,安塚,37.1067,138.4567,新潟県,,四,ヤスヅカ,54
a0537,十日町,37.1433,138.7267,新潟県,,四,トオカマチ,54
a0538,枝折峠,37.155,139.13,新潟県,,四,シオリトウゲ,54
a0539,糸魚川,37.0433,137.875,新潟県,,四,イトイガワ,54
a0540,能生,37.0833,138.0233,新潟県,,四,ノウ,54
a0541,光ケ原,37.005,138.3717,新潟県,,四,ヒカリガハラ,54
a0542,大沢峠,37.0383,138.7867,新潟県,,四,オオサワトウゲ,54
a0543,津南,36.9967,138.6833,新潟県,,四,ツナン,54
a0544,湯沢,36.9417,138.81,新潟県,,四,ユザワ,54
a0545,袴岳,36.87,138.2767,新潟県,,四,ハカマダケ,54
a0995,粟島,38.465,139.2533,新潟県,,四,アワシマ,54
a0996,羽茂,37.8417,138.3133,新潟県,,四,ハモチ,54
a0997,守門,37.3467,139.0433,新潟県,,四,スモン,54
a0998,関山,36.9333,138.2217,新潟県,,四,セキヤマ,54
a1060,下関,38.0917,139.5633,新潟県,,四,シモセキ,54
a1102,鍵取,37.57,139.3833,新潟県,,四,カギトリ,54
a1111,赤谷,37.835,139.415,新潟県,,四,アカダニ,54
a1154,小国,37.2917,138.7017,新潟県,,四,オグニ,54
a1155,松代,37.1317,138.6067,新潟県,,四,マツダイ,54
a1256,高根,38.33,139.6033,新潟県,,四,タカネ,54
a1297,平岩,36.88,137.8667,新潟県,,四,ヒライワ,54
a1302,大潟,37.225,138.325,新潟県,,四,オオガタ,54
a1315,弾崎,38.33,138.5117,新潟県,,四,ハジキザキ,54
a1318,中条,38.0767,139.3883,新潟県,,四,ナカジョウ,54
a1369,三面,38.2467,139.605,新潟県,,四,ミオモテ,54
a1370,大湯,37.205,139.0617,新潟県,,四,オオユ,54
a1395,塩沢,37.0383,138.8467,新潟県,,四,シオザワ,54
a1398,宮寄上,37.58,139.14,新潟県,,四,ミヤヨリカミ,54
a1424,樽本,36.89,138.275,新潟県,,四,タルモト,54
a1426,川谷,37.2,138.5167,新潟県,,四,カワダニ,54
a1427,筒方,37.03,138.3433,新潟県,,四,ドウガタ,54
a1444,室谷,37.55,139.37,新潟県,,四,ムロヤ,54
a1469,松浜,37.955,139.1117,新潟県,,四,マツハマ,54
a1514,秋津,38.06,138.4133,新潟県,,四,アキツ,54
a1645,瓢湖,37.8333,139.2367,新潟県,,四,ヒョウコ,54
a0546,朝日,36.9367,137.5633,富山県,,四,アサヒ,55
a0547,魚津,36.8217,137.4283,富山県,,四,ウオヅ,55
a0548,宇奈月,36.8467,137.5583,富山県,,四,ウナヅキ,55
a0549,嘉例沢,36.825,137.5367,富山県,,四,カレイザワ,55
s47606,伏木,36.7917,137.055,富山県,,官,フシキ,55
s47607,富山,36.7083,137.2017,富山県,,官,トヤマ,55
a0552,砺波,36.61,136.955,富山県,,四,トナミ,55
a0553,上市,36.67,137.4233,富山県,,四,カミイチ,55
a0554,南砺高宮,36.545,136.8717,富山県,,四,ナントタカミヤ,55
a0555,八尾,36.57,137.1583,富山県,,四,ヤツオ,55
a0556,小谷,36.57,137.3,富山県,,四,オタニ,55
a0557,立山,36.5817,137.5783,富山県,,四,タテヤマ,55
a0558,細尾峠,36.445,136.8967,富山県,,四,ホソオトウゲ,55
a0559,谷折,36.4883,137.1,富山県,,四,タニオリ,55
a1309,氷見,36.825,136.9683,富山県,,四,ヒミ,55
a1412,宇奈月,36.8467,137.5567,富山県,,四,ウナヅキ,55
a1413,平,36.4333,136.95,富山県,,四,タイラ,55
a1414,大山,36.6083,137.2833,富山県,,四,オオヤマ,55
a1415,細入,36.495,137.24,富山県,,四,ホソイリ,55
a1455,猪谷,36.4733,137.2367,富山県,,四,イノタニ,55
a1533,秋ヶ島,36.6483,137.1867,富山県,,四,アキガシマ,55
a1553,五箇山,36.43,136.9417,富山県,,四,ゴカヤマ,55
a1621,立山芦峅,36.5767,137.385,富山県,,四,タテヤマアシクラ,55
a0560,珠洲,37.4467,137.2867,石川県,,四,スズ,56
s47600,輪島,37.39,136.895,石川県,,官,ワジマ,56
a0562,門前,37.2617,136.7283,石川県,,四,モンゼン,56
a0563,木原岳,37.2883,136.95,石川県,,四,キハラダケ,56
a0564,志賀,37.1433,136.725,石川県,,四,シカ,56
a0565,七尾,37.03,136.9917,石川県,,四,ナナオ,56
a0566,羽咋,36.8933,136.7767,石川県,,四,ハクイ,56
a0567,かほく,36.7117,136.6917,石川県,,四,カホク,56
a0568,宝達山,36.78,136.8067,石川県,,四,ホウダツサン,56
s47605,金沢,36.5883,136.6333,石川県,,官,カナザワ,56
a0570,医王山,36.52,136.745,石川県,,四,イオウゼン,56
a0571,加賀中津原,36.2617,136.3967,石川県,,四,カガナカツハラ,56
a0973,白山河内,36.3967,136.62,石川県,,四,ハクサンカワチ,56
a1171,白山白峰,36.18,136.625,石川県,,四,ハクサンシラミネ,56
a1324,小松,36.3817,136.435,石川県,,四,コマツ,56
a1486,穴水,37.2717,136.9167,石川県,,四,アナミズ,56
a1544,三井,37.2933,136.9617,石川県,,四,ミイ,56
a1545,宝達志水,36.7883,136.7683,石川県,,四,ホウダツシミズ,56
a1650,舳倉島,37.85,136.9183,石川県,,四,ヘグラジマ,56
s47616,福井,36.055,136.2217,福井県,,官,フクイ,57
a0573,大野,35.9717,136.4967,福井県,,四,オオノ,57
a0574,タイラ山,35.9867,136.6067,福井県,,四,タイラヤマ,57
a0575,春日野,35.8583,136.1333,福井県,,四,カスガノ,57
a0576,板垣,35.8733,136.3083,福井県,,四,イタガキ,57
a0577,今庄,35.7667,136.2,福井県,,四,イマジョウ,57
s47631,敦賀,35.6533,136.0617,福井県,,官,ツルガ,57
a0579,小浜,35.4833,135.7817,福井県,,四,オバマ,57
a0974,美山,35.9983,136.3583,福井県,,四,ミヤマ,57
a0975,川上,35.44,135.5233,福井県,,四,カワカミ,57
a1010,美浜,35.6,135.9167,福井県,,四,ミハマ,57
a1071,三国,36.2433,136.1733,福井県,,四,ミクニ,57
a1226,勝山,36.0383,136.5217,福井県,,四,カツヤマ,57
a1316,越廼,36.0117,135.99,福井県,,四,コシノ,57
a1382,九頭竜,35.9083,136.6683,福井県,,四,クズリュウ,57
a1454,大飯,35.48,135.6167,福井県,,四,オオイ,57
a1537,春江,36.1417,136.2233,福井県,,四,ハルエ,57
a1565,武生,35.905,136.1733,福井県,,四,タケフ,57
a0580,今津,35.4117,136.0283,滋賀県,,四,イマヅ,60
a0581,荒川,35.3733,135.9267,滋賀県,,四,アラカワ,60
a0582,春照,35.38,136.3733,滋賀県,,四,スイジョ,60
s47761,彦根,35.275,136.2433,滋賀県,,官,ヒコネ,60
a0584,近江八幡,35.1267,136.0917,滋賀県,,四,オウミハチマン,60
a0585,君ケ畑台地,35.1983,136.34,滋賀県,,四,キミガハタダイチ,60
a0586,大津,34.9917,135.9117,滋賀県,,四,オオツ,60
a0587,土山,34.9383,136.2783,滋賀県,,四,ツチヤマ,60
a0963,東近江,35.0617,136.19,滋賀県,,四,ヒガシオウミ,60
a0964,信楽,34.9133,136.08,滋賀県,,四,シガラキ,60
a0976,長浜,35.4233,136.2417,滋賀県,,四,ナガハマ,60
a1083,南小松,35.235,135.9567,滋賀県,,四,ミナミコマツ,60
a1087,柳ケ瀬,35.5817,136.1883,滋賀県,,四,ヤナガセ,60
a1361,霜ケ原,35.1983,136.3383,滋賀県,,四,シモガハラ,60
a1524,米原,35.3833,136.3433,滋賀県,,四,マイバラ,60
a1578,朽木平良,35.3083,135.83,滋賀県,,四,クツキヘラ,60
s47751,伊吹山,35.4183,136.4133,滋賀県,,官,イブキヤマ,60
a0588,峰山,35.6183,135.0717,京都府,,四,ミネヤマ,61
a0589,宮津,35.55,135.235,京都府,,四,ミヤヅ,61
s47750,舞鶴,35.45,135.3167,京都府,,官,マイヅル,61
a0591,仏坂,35.3767,135.035,京都府,,四,フッサカ,61
a0592,浅原山,35.3333,135.3883,京都府,,四,アサハラヤマ,61
a0593,福知山,35.3117,135.1133,京都府,,四,フクチヤマ,61
a0594,胡麻,35.21,135.4617,京都府,,四,ゴマ,61
a0595,妙高山,35.1683,135.17,京都府,,四,ミョウコウサン,61
a0596,園部,35.1083,135.455,京都府,,四,ソノベ,61
s47759,京都,35.0133,135.7317,京都府,,官,キヨウト,61
a0598,京田辺,34.83,135.76,京都府,,四,キョウタナベ,61
a0599,鷲峰山,34.8283,135.905,京都府,,四,ジュブサン,61
a0920,花背峠,35.1567,135.7883,京都府,,四,ハナセトウゲ,61
a0927,知井,35.3217,135.6467,京都府,,四,チイ,61
a0928,京北,35.1817,135.6617,京都府,,四,ケイホク,61
a0965,間人,35.7367,135.0867,京都府,,四,タイザ,61
a0966,本庄,35.26,135.395,京都府,,四,ホンジョウ,61
a1025,長岡京,34.93,135.6783,京都府,,四,ナガオカキョウ,61
a1160,睦寄,35.3817,135.4533,京都府,,四,ムツヨリ,61
a1303,美山,35.275,135.55,京都府,,四,ミヤマ,61
a1378,須知,35.1767,135.42,京都府,,四,シュウチ,61
a1379,三岳,35.3667,135.05,京都府,,四,ミタケ,61
a1380,綾部,35.2933,135.2583,京都府,,四,アヤベ,61
a1383,三和,35.2167,135.2317,京都府,,四,ミワ,61
a1641,坂浦,35.4183,135.0867,京都府,,四,サカウラ,61
a1671,綾部山家,35.2967,135.315,京都府,,四,アヤベヤマガ,61
a0600,能勢,34.9483,135.455,大阪府,,四,ノセ,62
a0601,箕面,34.8383,135.5033,大阪府,,四,ミノオ,62
a0602,豊中,34.7833,135.4383,大阪府,,四,トヨナカ,62
s47772,大阪,34.6817,135.5183,大阪府,,官,オオサカ,62
a0604,生駒山,34.675,135.6767,大阪府,,四,イコマヤマ,62
a0605,河内長野,34.4233,135.5433,大阪府,,四,カワチナガノ,62
a0606,熊取,34.385,135.35,大阪府,,四,クマトリ,62
a1062,堺,34.555,135.485,大阪府,,四,サカイ,62
a1065,枚方,34.8083,135.6717,大阪府,,四,ヒラカタ,62
a1470,八尾,34.5967,135.6,大阪府,,四,ヤオ,62
a1471,関空島,34.4333,135.2317,大阪府,,四,カンクウジマ,62
a1602,茨木,34.86,135.56,大阪府,,四,イバラキ,62
a0607,香住,35.625,134.6267,兵庫県,,四,カスミ,63
a0608,温泉,35.5283,134.48,兵庫県,,四,オンセン,63
a0609,三川山,35.545,134.6367,兵庫県,,四,ミカワヤマ,63
s47747,豊岡,35.535,134.8217,兵庫県,,官,トヨオカ,63
a0611,八鹿,35.3983,134.74,兵庫県,,四,ヨウカ,63
a0612,和田山,35.3233,134.8483,兵庫県,,四,ワダヤマ,63
a0613,生野,35.1667,134.7917,兵庫県,,四,イクノ,63
a0614,柏原,35.1367,135.065,兵庫県,,四,カイバラ,63
a0615,一宮,35.0967,134.585,兵庫県,,四,イチノミヤ,63
a0616,笠形山,35.0533,134.8367,兵庫県,,四,カサガタヤマ,63
a0617,佐用,35.0167,134.3683,兵庫県,,四,サヨウ,63
a0618,後川,35.025,135.2933,兵庫県,,四,シツカワ,63
a0619,上郡,34.8583,134.3733,兵庫県,,四,カミゴオリ,63
a0620,的場山,34.8717,134.5267,兵庫県,,四,マトバヤマ,63
s47769,姫路,34.8383,134.67,兵庫県,,官,ヒメジ,63
a0622,名塩,34.83,135.2933,兵庫県,,四,ナジオ,63
a0623,六甲山,34.7633,135.27,兵庫県,,四,ロッコウサン,63
a0624,家島,34.6717,134.5267,兵庫県,,四,イエシマ,63
a0625,明石,34.6867,134.8767,兵庫県,,四,アカシ,63
s47770,神戸,34.6967,135.2117,兵庫県,,官,コウベ,63
s47776,洲本,34.31,134.8483,兵庫県,,官,スモト,63
a0628,福良,34.26,134.7083,兵庫県,,四,フクラ,63
a0956,西脇,34.9983,134.9967,兵庫県,,四,ニシワキ,63
a0967,大屋,35.3317,134.665,兵庫県,,四,オオヤ,63
a0968,福崎,34.95,134.7483,兵庫県,,四,フクサキ,63
a0969,三田,34.895,135.2117,兵庫県,,四,サンダ,63
a0970,郡家,34.4667,134.8483,兵庫県,,四,グンゲ,63
a0977,兎和野高原,35.4317,134.5833,兵庫県,,四,ウワノコウゲン,63
a1227,三木,34.7767,135.0133,兵庫県,,四,ミキ,63
a1337,南淡,34.2183,134.72,兵庫県,,四,ナンダン,63
a1448,淡路町,34.5883,135.0167,兵庫県,,四,アワジチョウ,63
a1449,芦屋,34.7417,135.3067,兵庫県,,四,アシヤ,63
a1450,神戸塩屋,34.6417,135.075,兵庫県,,四,コウベシオヤ,63
a1587,神戸空港,34.6317,135.2233,兵庫県,,四,コウベクウコウ,63
a1588,西宮,34.75,135.335,兵庫県,,四,ニシノミヤ,63
s47780,奈良,34.6733,135.8367,奈良県,,官,ナラ,64
a0630,針,34.605,135.9517,奈良県,,四,ハリ,64
a0631,田原本,34.555,135.785,奈良県,,四,タワラモト,64
a0632,曽爾,34.5217,136.1583,奈良県,,四,ソニ,64
a0633,大宇陀,34.4883,135.9317,奈良県,,四,オオウダ,64
a0634,高見山,34.4267,136.085,奈良県,,四,タカミヤマ,64
a0635,五條,34.38,135.73,奈良県,,四,ゴジョウ,64
a0636,天辻,34.2267,135.7283,奈良県,,四,テンツジ,64
a0637,山上ケ岳,34.265,135.9317,奈良県,,四,サンジョウガタケ,64
a0638,荒神岳,34.1567,135.6567,奈良県,,四,コウジンダケ,64
a0639,日出岳,34.185,136.1083,奈良県,,四,ヒデガタケ,64
a0640,上野地,34.0967,135.7717,奈良県,,四,ウエノジ,64
a0641,玉置山,33.9267,135.83,奈良県,,四,タマキヤマ,64
a0957,上北山,34.1367,136.005,奈良県,,四,カミキタヤマ,64
a1228,風屋,34.045,135.7867,奈良県,,四,カゼヤ,64
a1366,高見,34.4233,136.0717,奈良県,,四,タカミ,64
a1376,葛城,34.4883,135.7033,奈良県,,四,カツラギ,64
a1377,壷坂,34.4233,135.81,奈良県,,四,ツボサカ,64
a1439,吉野,34.3783,135.9,奈良県,,四,ヨシノ,64
a1619,天川,34.27,135.8833,奈良県,,四,テンカワ,64
a1649,下北山,34.0033,135.9667,奈良県,,四,シモキタヤマ,64
a1669,葛川,33.9533,135.8567,奈良県,,四,クズカワ,64
a0642,葛城山,34.3467,135.4367,和歌山県,,四,カツラギサン,65
s47777,和歌山,34.2283,135.1633,和歌山県,,官,ワカヤマ,65
a0644,岩出,34.2583,135.32,和歌山県,,四,イワデ,65
a0645,高野山,34.2217,135.59,和歌山県,,四,コウヤサン,65
a0646,護摩壇山,34.04,135.5667,和歌山県,,四,ゴマダンザン,65
a0647,御坊,33.8967,135.1583,和歌山県,,四,ゴボウ,65
a0648,虎ケ峰峠,33.8533,135.455,和歌山県,,四,トラガミネトウゲ,65
a0649,新宮,33.6867,135.97,和歌山県,,四,シングウ,65
a0650,白浜,33.6783,135.3467,和歌山県,,四,シラハマ,65
a0651,日置川,33.605,135.48,和歌山県,,四,ヒキガワ,65
s47778,潮岬,33.45,135.7567,和歌山県,,官,シオノミサキ,65
a0971,栗栖川,33.7917,135.5133,和歌山県,,四,クリスガワ,65
a0978,湯浅,34.035,135.1817,和歌山県,,四,ユアサ,65
a1063,清水,34.0867,135.425,和歌山県,,四,シミズ,65
a1074,本宮,33.8367,135.7733,和歌山県,,四,ホングウ,65
a1089,龍神,33.945,135.5567,和歌山県,,四,リュウジン,65
a1172,色川,33.675,135.8483,和歌山県,,四,イロカワ,65
a1342,かつらぎ,34.31,135.5283,和歌山県,,四,カツラギ,65
a1347,西川,33.6383,135.71,和歌山県,,四,ニシカワ,65
a1457,友ケ島,34.28,134.9983,和歌山県,,四,トモガシマ,65
a1485,川辺,33.8933,135.2167,和歌山県,,四,カワベ,65
a1589,南紀白浜,33.6617,135.3633,和歌山県,,四,ナンキシラハマ,65
a0653,大空山,35.1967,133.82,岡山県,,四,オオゾラヤマ,66
a0654,那岐山,35.1583,134.18,岡山県,,四,ナギサン,66
a0655,今岡,35.0983,134.325,岡山県,,四,イマオカ,66
a0656,久世,35.0683,133.7533,岡山県,,四,クセ,66
s47756,津山,35.0633,134.0083,岡山県,,官,ツヤマ,66
a0658,新見,34.9433,133.5183,岡山県,,四,ニイミ,66
a0659,天子山,34.9883,133.8783,岡山県,,四,アマゴヤマ,66
a0660,赤磐,34.9183,134.0817,岡山県,,四,アカイワ,66
a0661,陣山,34.8283,133.5233,岡山県,,四,ジンヤマ,66
a0662,大平山,34.895,133.705,岡山県,,四,オオヒラヤマ,66
a0663,福渡,34.8667,133.9033,岡山県,,四,フクワタリ,66
a0664,和気,34.815,134.1833,岡山県,,四,ワケ,66
a0665,佐屋,34.685,133.445,岡山県,,四,サヤ,66
a0666,矢掛,34.6167,133.6183,岡山県,,四,ヤカゲ,66
s47768,岡山,34.685,133.925,岡山県,,官,オカヤマ,66
a0668,虫明,34.6817,134.2067,岡山県,,四,ムシアゲ,66
a0669,倉敷,34.59,133.7683,岡山県,,四,クラシキ,66
a0670,玉野,34.4867,133.95,岡山県,,四,タマノ,66
a0919,笠岡,34.5017,133.495,岡山県,,四,カサオカ,66
a0929,下呰部,34.965,133.6283,岡山県,,四,シモアザエ,66
a0930,高梁,34.7917,133.61,岡山県,,四,タカハシ,66
a1140,奈義,35.1117,134.17,岡山県,,四,ナギ,66
a1328,上長田,35.2967,133.725,岡山県,,四,カミナガタ,66
a1330,千屋,35.1033,133.435,岡山県,,四,チヤ,66
a1371,恩原,35.3,133.9867,岡山県,,四,オンバラ,66
a1531,日応寺,34.7567,133.855,岡山県,,四,ニチオウジ,66
a1584,富,35.1783,133.805,岡山県,,四,トミ,66
a1585,吉備中央,34.8167,133.705,岡山県,,四,キビチュウオウ,66
a1618,旭西,34.9617,133.8117,岡山県,,四,アサヒニシ,66
a0671,道後山,35.0567,133.1883,広島県,,四,ドウゴヤマ,67
a0672,安田山,34.9217,132.815,広島県,,四,アンダヤマ,67
a0673,犬伏山,34.805,132.615,広島県,,四,イヌブシヤマ,67
a0674,三次,34.8117,132.85,広島県,,四,ミヨシ,67
a0675,庄原,34.86,133.0233,広島県,,四,ショウバラ,67
a0676,大朝,34.7683,132.4633,広島県,,四,オオアサ,67
a0677,加計,34.61,132.32,広島県,,四,カケ,67
a0678,海見山,34.6067,132.4783,広島県,,四,カイケンザン,67
a0679,上下,34.6933,133.1167,広島県,,四,ジョウゲ,67
a0680,内黒山,34.5967,132.1767,広島県,,四,ウチグロヤマ,67
a0681,世羅,34.5833,133.05,広島県,,四,セラ,67
a0682,恵下谷山,34.485,132.33,広島県,,四,エゲタニヤマ,67
a0683,東広島,34.4167,132.7,広島県,,四,ヒガシヒロシマ,67
s47767,福山,34.4467,133.2467,広島県,,官,フクヤマ,67
s47765,広島,34.3983,132.4617,広島県,,官,ヒロシマ,67
a0686,竹原,34.33,132.9817,広島県,,四,タケハラ,67
a0687,生口島,34.2783,133.1233,広島県,,四,イクチジマ,67
a0688,大竹,34.2217,132.22,広島県,,四,オオタケ,67
s47766,呉,34.24,132.55,広島県,,官,クレ,67
a0690,倉橋,34.0917,132.4883,広島県,,四,クラハシ,67
a0947,高野,35.0333,132.9017,広島県,,四,タカノ,67
a0948,東城,34.895,133.2767,広島県,,四,トウジョウ,67
a0949,甲田,34.695,132.76,広島県,,四,コウダ,67
a0950,三入,34.545,132.53,広島県,,四,ミイリ,67
a0951,府中,34.5617,133.2317,広島県,,四,フチュウ,67
a0952,河内,34.4683,132.8933,広島県,,四,コウチ,67
a0953,久比,34.1817,132.83,広島県,,四,クビ,67
a1163,志和,34.4983,132.66,広島県,,四,シワ,67
a1257,王泊,34.6983,132.3117,広島県,,四,オオドマリ,67
a1262,八幡,34.7083,132.1733,広島県,,四,ヤワタ,67
a1325,油木,34.7633,133.2783,広島県,,四,ユキ,67
a1326,廿日市津田,34.365,132.19,広島県,,四,ハツカイチツタ,67
a1472,本郷,34.435,132.9183,広島県,,四,ホンゴウ,67
a1575,佐伯湯来,34.4983,132.29,広島県,,四,サエキユキ,67
a1579,都志見,34.6467,132.4433,広島県,,四,ツシミ,67
a1582,君田,34.9283,132.83,広島県,,四,キミタ,67
a1583,美土里,34.7217,132.655,広島県,,四,ミドリ,67
a1603,安宿,34.5667,132.8383,広島県,,四,アスカ,67
a1606,呉市蒲刈,34.165,132.7483,広島県,,四,クレシカマガリ,67
s47740,西郷,36.2033,133.3333,島根県,,官,サイゴウ,68
a0692,西ノ島,36.11,133.04,島根県,,四,ニシノシマ,68
a0693,鹿島,35.52,132.9833,島根県,,四,カシマ,68
a0694,斐川,35.4133,132.89,島根県,,四,ヒカワ,68
s47741,松江,35.4567,133.065,島根県,,官,マツエ,68
a0696,大東,35.3183,132.965,島根県,,四,ダイトウ,68
a0697,大田,35.19,132.4967,島根県,,四,オオダ,68
a0698,掛合,35.1967,132.815,島根県,,四,カケヤ,68
a0699,横田,35.1733,133.1033,島根県,,四,ヨコタ,68
a0700,吾妻山,35.0667,133.0367,島根県,,四,アヅマヤマ,68
a0701,川本,34.9767,132.4917,島根県,,四,カワモト,68
s47755,浜田,34.8967,132.07,島根県,,官,ハマダ,68
a0703,三隅,34.795,131.9483,島根県,,四,ミスミ,68
a0704,益田,34.6867,131.85,島根県,,四,マスダ,68
a0705,聖山,34.6367,132.145,島根県,,四,ヒジリヤマ,68
a0706,十種峯,34.44,131.695,島根県,,四,トクサガミネ,68
a0707,津和野,34.4617,131.77,島根県,,四,ツワノ,68
a0954,佐田,35.2217,132.7233,島根県,,四,サダ,68
a1093,桜江,34.9533,132.3333,島根県,,四,サクラエ,68
a1094,瑞穂,34.8533,132.53,島根県,,四,ミズホ,68
a1095,伯太,35.35,133.2733,島根県,,四,ハクタ,68
a1175,波佐,34.78,132.1967,島根県,,四,ハザ,68
a1176,匹見,34.5717,132.0167,島根県,,四,ヒキミ,68
a1307,海士,36.0967,133.0967,島根県,,四,アマ,68
a1310,出雲,35.3317,132.73,島根県,,四,イズモ,68
a1320,赤名,35.0017,132.7117,島根県,,四,アカナ,68
a1321,弥栄,34.7767,132.1083,島根県,,四,ヤサカ,68
a1322,六日市,34.3533,131.935,島根県,,四,ムイカイチ,68
a1336,福光,35.07,132.3333,島根県,,四,フクミツ,68
a1362,原山,34.865,132.405,島根県,,四,ハラヤマ,68
a1473,西郷岬,36.1783,133.3233,島根県,,四,サイゴウミサキ,68
a1474,高津,34.675,131.79,島根県,,四,タカツ,68
a1592,吉賀,34.3917,131.8933,島根県,,四,ヨシカ,68
s47742,境,35.5433,133.235,鳥取県,,官,サカイ,69
s47746,鳥取,35.4867,134.2383,鳥取県,,官,トツトリ,69
s47744,米子,35.4333,133.3383,鳥取県,,官,ヨナゴ,69
a0709,青谷,35.52,133.9967,鳥取県,,四,アオヤ,69
a0711,岩井,35.5583,134.36,鳥取県,,四,イワイ,69
a0713,倉吉,35.4733,133.8383,鳥取県,,四,クラヨシ,69
a0714,菅俵原,35.4183,133.9883,鳥取県,,四,スゲタワラ,69
a0715,霊石山,35.4117,134.2133,鳥取県,,四,レイセキサン,69
a0716,大山,35.3933,133.5367,鳥取県,,四,ダイセン,69
a0717,古峠山,35.2683,133.4383,鳥取県,,四,コトウヤマ,69
a0718,智頭,35.2633,134.24,鳥取県,,四,チズ,69
a0938,日南,35.165,133.3217,鳥取県,,四,ニチナン,69
a1177,関金,35.3783,133.7567,鳥取県,,四,セキガネ,69
a1178,若桜,35.3333,134.405,鳥取県,,四,ワカサ,69
a1231,塩津,35.5233,133.5667,鳥取県,,四,シオツ,69
a1304,茶屋,35.1867,133.23,鳥取県,,四,チャヤ,69
a1385,佐治,35.3283,134.1133,鳥取県,,四,サジ,69
a1389,江尾,35.2883,133.4833,鳥取県,,四,エビ,69
a1391,鹿野,35.4133,134.0167,鳥取県,,四,シカノ,69
a1519,湖山,35.53,134.165,鳥取県,,四,コヤマ,69
a0719,大山寺,34.1633,134.3933,徳島県,,四,タイサンジ,71
a0720,池田,34.0233,133.795,徳島県,,四,イケダ,71
s47895,徳島,34.0667,134.5733,徳島県,,官,トクシマ,71
a0722,江田山,33.9217,134.265,徳島県,,四,エダヤマ,71
a0723,太竜寺山,33.8733,134.5283,徳島県,,四,タイリュウジヤマ,71
a0724,日和佐,33.7317,134.5383,徳島県,,四,ヒワサ,71
a0725,宍喰,33.5633,134.305,徳島県,,四,シシクイ,71
a0972,穴吹,34.04,134.1567,徳島県,,四,アナブキ,71
a1098,福原旭,33.8783,134.3883,徳島県,,四,フクハラアサヒ,71
a1242,蒲生田,33.8367,134.7417,徳島県,,四,カモダ,71
a1252,京上,33.8667,133.9033,徳島県,,四,キョウジョウ,71
a1327,半田,33.99,134.0367,徳島県,,四,ハンダ,71
a1352,木頭,33.7717,134.1983,徳島県,,四,キトウ,71
a1358,旭丸,33.9333,134.3267,徳島県,,四,アサヒマル,71
s47894,剣山,33.8533,134.0967,徳島県,,官,ツルギサン,71
a1604,海陽,33.6117,134.355,徳島県,,四,カイヨウ,71
a0726,内海,34.4717,134.2733,香川県,,四,ウチノミ,72
s47891,高松,34.3183,134.0533,香川県,,官,タカマツ,72
s47890,多度津,34.275,133.7517,香川県,,官,タドツ,72
a0729,滝宮,34.2367,133.9233,香川県,,四,タキノミヤ,72
a0730,引田,34.2133,134.4067,香川県,,四,ヒケタ,72
a0731,竜王山,34.1133,134.05,香川県,,四,リュウオウザン,72
a1239,財田,34.12,133.7717,香川県,,四,サイタ,72
a1475,香南,34.2133,134.015,香川県,,四,コウナン,72
a0732,大三島,34.25,133.0067,愛媛県,,四,オオミシマ,73
a0733,玉川,34.0183,132.94,愛媛県,,四,タマガワ,73
a0734,新居浜,33.9367,133.3383,愛媛県,,四,ニイハマ,73
a0735,四国中央,33.9817,133.5817,愛媛県,,四,シコクチュウオウ,73
s47887,松山,33.8433,132.7767,愛媛県,,官,マツヤマ,73
a0737,上林,33.7383,132.89,愛媛県,,四,カミハヤシ,73
a0738,成就社,33.795,133.1317,愛媛県,,四,ジョウジュシャ,73
a0739,長浜,33.6167,132.48,愛媛県,,四,ナガハマ,73
a0740,中山,33.6383,132.7083,愛媛県,,四,ナカヤマ,73
a0741,久万,33.6633,132.895,愛媛県,,四,クマ,73
a0742,獅子越峠,33.5433,132.8317,愛媛県,,四,シシゴエトウゲ,73
a0743,八幡浜,33.4483,132.4333,愛媛県,,四,ヤワタハマ,73
s47892,宇和島,33.2267,132.5517,愛媛県,,官,ウワジマ,73
a0745,御荘,32.9633,132.57,愛媛県,,四,ミショウ,73
a0958,西条,33.915,133.08,愛媛県,,四,サイジョウ,73
a0959,大洲,33.5083,132.535,愛媛県,,四,オオズ,73
a0960,三崎,33.3867,132.1217,愛媛県,,四,ミサキ,73
a0961,宇和,33.3667,132.5033,愛媛県,,四,ウワ,73
a1077,今治,34.0533,132.975,愛媛県,,四,イマバリ,73
a1260,富郷,33.915,133.51,愛媛県,,四,トミサト,73
a1350,近永,33.2533,132.675,愛媛県,,四,チカナガ,73
a1456,瀬戸,33.4467,132.2567,愛媛県,,四,セト,73
a1521,松山南吉田,33.8267,132.6983,愛媛県,,四,マツヤマミナミヨシダ,73
a0746,本山,33.7533,133.575,高知県,,四,モトヤマ,74
a0747,繁藤,33.6783,133.685,高知県,,四,シゲトウ,74
a0748,佐川,33.5117,133.2717,高知県,,四,サカワ,74
a0749,成山,33.5917,133.4,高知県,,四,ナルヤマ,74
s47893,高知,33.5667,133.5483,高知県,,官,コウチ,74
a0751,南国,33.5933,133.6433,高知県,,四,ナンゴク,74
a0752,芸西,33.5517,133.8383,高知県,,四,ゲイセイ,74
a0753,鳥形山,33.48,133.0833,高知県,,四,トリガタヤマ,74
a0754,船戸,33.4167,133.0883,高知県,,四,フナト,74
a0755,安芸,33.4883,133.9333,高知県,,四,アキ,74
a0756,須崎,33.385,133.2767,高知県,,四,スサキ,74
a0757,佐喜浜,33.4117,134.1983,高知県,,四,サキハマ,74
a0758,窪川,33.2067,133.1283,高知県,,四,クボカワ,74
s47899,室戸岬,33.2517,134.1767,高知県,,官,ムロトミサキ,74
a0760,堂ケ森,33.1583,132.8767,高知県,,四,ドウガモリ,74
a0761,大正,33.1933,132.9717,高知県,,四,タイショウ,74
s47897,宿毛,32.92,132.695,高知県,,官,スクモ,74
a0763,中村,32.99,132.92,高知県,,四,ナカムラ,74
s47898,清水,32.7217,133.01,高知県,,官,シミズ,74
a0921,梼原,33.39,132.9217,高知県,,四,ユスハラ,74
a0955,田野,33.4267,134.0067,高知県,,四,タノ,74
a1179,池川,33.6067,133.17,高知県,,四,イケガワ,74
a1229,大栃,33.6983,133.875,高知県,,四,オオドチ,74
a1233,佐賀,33.0783,133.1017,高知県,,四,サガ,74
a1235,江川崎,33.17,132.7917,高知県,,四,エカワサキ,74
a1249,後免,33.59,133.6433,高知県,,四,ゴメン,74
a1281,魚梁瀬,33.615,134.1083,高知県,,四,ヤナセ,74
a1351,本川,33.765,133.3383,高知県,,四,ホンガワ,74
a1476,南国日章,33.545,133.6683,高知県,,四,ナンコクニッショウ,74
a1556,三崎,32.795,132.8717,高知県,,四,ミサキ,74
a0765,須佐,34.615,131.6233,山口県,,四,スサ,81
s47754,萩,34.41,131.405,山口県,,官,ハギ,81
a0767,徳佐,34.3983,131.725,山口県,,四,トクサ,81
a0768,鍋提峠,34.265,131.095,山口県,,四,ナベサゲトウゲ,81
a0769,秋吉台,34.235,131.3067,山口県,,四,アキヨシダイ,81
a0770,瀬戸原,34.215,131.5817,山口県,,四,セトバラ,81
a0771,広瀬,34.2617,131.9517,山口県,,四,ヒロセ,81
a0772,豊田,34.1867,131.0767,山口県,,四,トヨタ,81
a0773,桜山,34.1483,131.2183,山口県,,四,サクラヤマ,81
s47784,山口,34.1617,131.4617,山口県,,官,ヤマグチ,81
a0775,防府,34.04,131.5333,山口県,,四,ホウフ,81
a0776,下松,34.01,131.8717,山口県,,四,クダマツ,81
s47762,下関,33.9483,130.925,山口県,,官,シモノセキ,81
a0778,宇部,33.93,131.2783,山口県,,四,ウベ,81
a0779,安下庄,33.9033,132.2933,山口県,,四,アゲノショウ,81
a0913,玖珂,34.095,132.075,山口県,,四,クガ,81
a0939,油谷,34.37,131.055,山口県,,四,ユヤ,81
a0940,岩国,34.155,132.1783,山口県,,四,イワクニ,81
a0941,周東,34.0883,132.045,山口県,,四,シュウトウ,81
a0942,柳井,33.9583,132.1133,山口県,,四,ヤナイ,81
a1100,羅漢山,34.35,132.0633,山口県,,四,ラカンザン,81
a1101,長野山,34.2783,131.8817,山口県,,四,ナガノヤマ,81
a1261,和田,34.17,131.7533,山口県,,四,ワダ,81
a1367,篠生,34.3383,131.6267,山口県,,四,シノブ,81
a1614,鹿野,34.225,131.815,山口県,,四,カノ,81
a1620,東厚保,34.1183,131.1817,山口県,,四,ヒガシアツ,81
a0780,八幡,33.8517,130.7433,福岡県,,四,ヤハタ,82
a0781,小倉,33.835,130.9467,福岡県,,四,コクラ,82
a0782,行橋,33.7133,130.975,福岡県,,四,ユクハシ,82
a0783,篠栗,33.6383,130.545,福岡県,,四,ササグリ,82
s47809,飯塚,33.6517,130.6933,福岡県,,官,イイヅカ,82
a0785,前原,33.56,130.19,福岡県,,四,マエバル,82
s47807,福岡,33.5817,130.375,福岡県,,官,フクオカ,82
a0787,九千部山,33.4167,130.445,福岡県,,四,クセンブヤマ,82
a0788,朝倉,33.4067,130.695,福岡県,,四,アサクラ,82
a0789,英彦山,33.4883,130.9233,福岡県,,四,ヒコサン,82
a0790,久留米,33.3033,130.4933,福岡県,,四,クルメ,82
a0791,耳納山,33.2917,130.625,福岡県,,四,ミノウサン,82
a0792,黒木,33.225,130.645,福岡県,,四,クロギ,82
a0793,大牟田,33.0067,130.4667,福岡県,,四,オオムタ,82
a0943,宗像,33.8083,130.5383,福岡県,,四,ムナカタ,82
a0944,頂吉,33.7417,130.8433,福岡県,,四,カグメヨシ,82
a0945,柳川,33.16,130.4033,福岡県,,四,ヤナガワ,82
a1046,添田,33.5583,130.855,福岡県,,四,ソエダ,82
a1141,太宰府,33.4967,130.49,福岡県,,四,ダザイフ,82
a1477,博多,33.5833,130.4517,福岡県,,四,ハカタ,82
a1527,曽根,33.835,130.9467,福岡県,,四,ソネ,82
a1590,空港北町,33.845,131.035,福岡県,,四,クウコウキタマチ,82
a1611,早良脇山,33.4883,130.3533,福岡県,,四,サワラワキヤマ,82
a1637,東谷,33.7783,130.865,福岡県,,四,ヒガシタニ,82
a1657,小呂島,33.8633,130.035,福岡県,,四,オロノシマ,82
a0794,中津,33.5867,131.245,大分県,,四,ナカツ,83
a0795,豊後高田,33.57,131.4333,大分県,,四,ブンゴタカダ,83
a0796,武蔵,33.4783,131.7367,大分県,,四,ムサシ,83
a0797,伏木,33.375,130.9817,大分県,,四,フシキ,83
s47814,日田,33.3217,130.9283,大分県,,官,ヒタ,83
a0799,湯布院,33.2533,131.3467,大分県,,四,ユフイン,83
s47815,大分,33.235,131.6183,大分県,,官,オオイタ,83
a0801,佐賀関,33.2483,131.865,大分県,,四,サガノセキ,83
a0802,釈迦岳,33.1883,130.8917,大分県,,四,シャカダケ,83
a0803,湯平,33.185,131.3317,大分県,,四,ユノヒラ,83
a0804,温見,33.075,131.43,大分県,,四,ヌクミ,83
a0805,犬飼,33.065,131.6317,大分県,,四,イヌカイ,83
a0806,竹田,32.9733,131.3983,大分県,,四,タケタ,83
a0807,出羽,32.9683,131.6683,大分県,,四,イズルハ,83
a0808,佐伯,32.95,131.9017,大分県,,四,サイキ,83
a0809,倉木,32.895,131.395,大分県,,四,クラキ,83
a0810,蒲江,32.795,131.9233,大分県,,四,カマエ,83
a0931,院内,33.42,131.3167,大分県,,四,インナイ,83
a0932,玖珠,33.2917,131.155,大分県,,四,クス,83
a0933,臼杵,33.1317,131.7967,大分県,,四,ウスキ,83
a0979,耶馬渓,33.445,131.115,大分県,,四,ヤバケイ,83
a1137,国見,33.6783,131.575,大分県,,四,クニミ,83
a1142,宇目,32.845,131.675,大分県,,四,ウメ,83
a1157,別府,33.35,131.475,大分県,,四,ベップ,83
a1237,杵築,33.4167,131.5967,大分県,,四,キツキ,83
a1554,椿ヶ鼻,33.19,130.915,大分県,,四,ツバキガハナ,83
a0811,佐須奈,34.64,129.4,長崎県,,四,サスナ,84
s47800,厳原,34.1967,129.2917,長崎県,,官,イヅハラ,84
s47805,平戸,33.36,129.55,長崎県,,官,ヒラド,84
a0814,松浦,33.3417,129.7117,長崎県,,四,マツウラ,84
a0815,国見山,33.235,129.8133,長崎県,,四,クニミヤマ,84
s47812,佐世保,33.1583,129.7267,長崎県,,官,サセボ,84
a0817,大瀬戸,32.9483,129.6317,長崎県,,四,オオセト,84
a0818,長浦岳,32.9083,129.7383,長崎県,,四,ナガウラダケ,84
a0819,五家原岳,32.9417,130.0767,長崎県,,四,ゴカハラダケ,84
a0820,諫早,32.8433,130.025,長崎県,,四,イサハヤ,84
s47817,長崎,32.7333,129.8667,長崎県,,官,ナガサキ,84
s47818,雲仙岳,32.7367,130.2617,長崎県,,官,ウンゼンダケ,84
s47843,福江,32.6933,128.8267,長崎県,,官,フクエ,84
a0922,口之津,32.6117,130.1933,長崎県,,四,クチノツ,84
a0962,島原,32.76,130.3617,長崎県,,四,シマバラ,84
a1080,有川,32.9817,129.1183,長崎県,,四,アリカワ,84
a1084,大村,32.9167,129.9133,長崎県,,四,オオムラ,84
a1138,有川,32.9817,129.1183,長崎県,,四,アリカワ,84
a1144,芦辺,33.8,129.7217,長崎県,,四,アシベ,84
a1441,野母崎,32.5783,129.74,長崎県,,四,ノモザキ,84
a1442,深江,32.7267,130.315,長崎県,,四,フカエ,84
a1446,普賢岳,32.75,130.285,長崎県,,四,フゲンダケ,84
a1451,百花台,32.82,130.2917,長崎県,,四,ヒャッカダイ,84
a1452,千々石,32.7867,130.1983,長崎県,,四,チヂワ,84
a1453,鰐浦,34.6983,129.445,長崎県,,四,ワニウラ,84
a1478,石田,33.7483,129.785,長崎県,,四,イシダ,84
a1479,上大津,32.665,128.8317,長崎県,,四,カミオオヅ,84
a1535,小値賀,33.19,129.09,長崎県,,四,オヂカ,84
a1536,頭ヶ島,33.0133,129.1917,長崎県,,四,カシラガシマ,84
a1538,美津島,34.285,129.33,長崎県,,四,ミツシマ,84
a1670,脇岬,32.5817,129.7767,長崎県,,四,ワキミサキ,84
a1672,西海,33.0133,129.6517,長崎県,,四,サイカイ,84
a1676,絹笠山,32.7383,130.25,長崎県,,四,キヌガサヤマ,84
a0824,枝去木,33.4983,129.8983,佐賀県,,四,エザルギ,85
a0825,和多田,33.425,129.985,佐賀県,,四,ワタダ,85
a0826,権現山,33.4,130.2367,佐賀県,,四,ゴンゲンヤマ,85
a0827,八幡岳,33.2817,130.0267,佐賀県,,四,ハチマンダケ,85
s47813,佐賀,33.265,130.305,佐賀県,,官,サガ,85
a0829,白石,33.1833,130.1483,佐賀県,,四,シロイシ,85
a0830,嬉野,33.1167,129.995,佐賀県,,四,ウレシノ,85
a0831,多良岳,32.9717,130.155,佐賀県,,四,タラダケ,85
a1075,伊万里,33.2667,129.8783,佐賀県,,四,イマリ,85
a1480,川副,33.1483,130.3017,佐賀県,,四,カワソエ,85
a1610,唐津,33.4583,129.955,佐賀県,,四,カラツ,85
a1612,鳥栖,33.385,130.5167,佐賀県,,四,トス,85
a1616,北山,33.4133,130.22,佐賀県,,四,ホクザン,85
a1667,大町,33.22,130.11,佐賀県,,四,オオマチ,85
a0832,鹿北,33.115,130.6917,熊本県,,四,カホク,86
a0833,南小国,33.1033,131.0667,熊本県,,四,ミナミオグニ,86
a0834,岱明,32.915,130.5117,熊本県,,四,タイメイ,86
a0835,菊池,32.945,130.7817,熊本県,,四,キクチ,86
a0836,鞍岳,32.95,130.9183,熊本県,,四,クラダケ,86
s47819,熊本,32.8133,130.7067,熊本県,,官,クマモト,86
a0838,俵山,32.85,130.9767,熊本県,,四,タワラヤマ,86
s47821,阿蘇山,32.88,131.0733,熊本県,,官,アソサン,86
a0840,高森,32.8217,131.125,熊本県,,四,タカモリ,86
a0841,間の谷山,32.7067,130.94,熊本県,,四,マノタニヤマ,86
a0842,甲佐,32.6717,130.8167,熊本県,,四,コウサ,86
a0843,松島,32.515,130.4467,熊本県,,四,マツシマ,86
a0844,大金峰,32.5633,130.905,熊本県,,四,ダイキンポウ,86
a0845,本渡,32.4683,130.18,熊本県,,四,ホンド,86
a0846,八代,32.4733,130.6067,熊本県,,四,ヤツシロ,86
s47824,人吉,32.2167,130.755,熊本県,,官,ヒトヨシ,86
s47838,牛深,32.1967,130.0267,熊本県,,官,ウシブカ,86
a0850,一里山,32.2,130.64,熊本県,,四,イチリヤマ,86
a0851,白髪岳,32.1717,130.91,熊本県,,四,シラガダケ,86
a0923,益城,32.8367,130.855,熊本県,,四,マシキ,86
a0924,水俣,32.205,130.4067,熊本県,,四,ミナマタ,86
a0925,多良木,32.295,130.95,熊本県,,四,タラギ,86
a0926,上,32.225,130.905,熊本県,,四,ウエ,86
a0946,田浦,32.3633,130.5083,熊本県,,四,タノウラ,86
a1081,三角,32.6117,130.4783,熊本県,,四,ミスミ,86
a1086,湯前横谷,32.2633,131.0433,熊本県,,四,ユノマエヨコタニ,86
a1088,茶臼峠,32.355,130.9083,熊本県,,四,チャウストウゲ,86
a1156,屋形山,32.31,130.735,熊本県,,四,ヤカタヤマ,86
a1158,五家荘,32.49,130.905,熊本県,,四,ゴカノシヨウ,86
a1240,阿蘇乙姫,32.9467,131.04,熊本県,,四,アソオトヒメ,86
a1368,五木,32.395,130.8267,熊本県,,四,イツキ,86
a1435,山江,32.3017,130.7467,熊本県,,四,ヤマエ,86
a1580,宇土,32.7,130.6567,熊本県,,四,ウト,86
a1581,一勝地,32.245,130.645,熊本県,,四,イッショウチ,86
a0847,戦山,32.1267,130.7217,熊本県,,四,イクサヤマ,86
a1613,山都,32.7117,130.9583,熊本県,,四,ヤマト,86
a1660,南阿蘇,32.8317,131.0133,熊本県,,四,ミナミアソ,86
a0852,高千穂,32.7117,131.29,宮崎県,,四,タカチホ,87
a0853,大中尾,32.565,131.35,宮崎県,,四,オナコ,87
a0854,中小屋,32.565,131.3967,宮崎県,,四,ナカゴヤ,87
s47822,延岡,32.5817,131.6567,宮崎県,,官,ノベオカ,87
a0856,猪原,32.4167,131.3683,宮崎県,,四,イノハラ,87
a0857,日向,32.4083,131.6,宮崎県,,四,ヒュウガ,87
a0858,矢櫃岳,32.3133,131.395,宮崎県,,四,ヤビツダケ,87
a0859,高鍋,32.1233,131.475,宮崎県,,四,タカナベ,87
a0860,加久藤,32.0467,130.81,宮崎県,,四,カクトウ,87
a0861,西都,32.0633,131.4133,宮崎県,,四,サイト,87
a0862,えびの高原,31.945,130.84,宮崎県,,四,エビノコウゲン,87
a0863,小林,32.0,130.9533,宮崎県,,四,コバヤシ,87
a0864,野尻,31.9567,131.1567,宮崎県,,四,ノジリ,87
a0865,国富,32.0067,131.2967,宮崎県,,四,クニトミ,87
s47830,宮崎,31.9383,131.4133,宮崎県,,官,ミヤザキ,87
a0867,霧島御池,31.8517,130.9483,宮崎県,,四,キリシマミイケ,87
a0868,青島,31.8033,131.46,宮崎県,,四,アオシマ,87
s47829,都城,31.73,131.0817,宮崎県,,官,ミヤコノジヨウ,87
a0870,鰐塚山,31.7683,131.2667,宮崎県,,四,ワニツカヤマ,87
s47835,油津,31.5783,131.4067,宮崎県,,官,アブラツ,87
a0872,串間,31.465,131.22,宮崎県,,四,クシマ,87
a1135,古江,32.7117,131.82,宮崎県,,四,フルエ,87
a1164,酒谷,31.6417,131.2667,宮崎県,,四,サカタニ,87
a1275,見立,32.7833,131.4483,宮崎県,,四,ミタテ,87
a1343,諸塚,32.5167,131.335,宮崎県,,四,モロツカ,87
a1345,西米良,32.24,131.1517,宮崎県,,四,ニシメラ,87
a1348,鞍岡,32.6433,131.1567,宮崎県,,四,クラオカ,87
a1353,神門,32.385,131.3317,宮崎県,,四,ミカド,87
a1432,北方,32.5617,131.525,宮崎県,,四,キタカタ,87
a1433,上椎葉,32.465,131.1567,宮崎県,,四,カミシイバ,87
a1481,赤江,31.8767,131.4483,宮崎県,,四,アカエ,87
a1608,都農,32.2833,131.5417,宮崎県,,四,ツノ,87
a1609,日之影,32.6817,131.4067,宮崎県,,四,ヒノカゲ,87
a1623,高原,31.9283,131.0067,宮崎県,,四,タカハル,87
a1624,山田,31.8133,131.0383,宮崎県,,四,ヤマダ,87
a1636,椎葉,32.475,131.1033,宮崎県,,四,シイバ,87
a1663,田野,31.8433,131.3083,宮崎県,,四,タノ,87
s47823,阿久根,32.0267,130.2,鹿児島県,,官,アクネ,88
a0874,古原野,32.0833,130.5133,鹿児島県,,四,コハルノ,88
a0875,大口,32.0467,130.6267,鹿児島県,,四,オオクチ,88
a0876,魚野越,32.0283,130.7117,鹿児島県,,四,ウオノゴエ,88
a0877,紫尾山,31.98,130.3667,鹿児島県,,四,シビサン,88
a0878,さつま柏原,31.9167,130.455,鹿児島県,,四,サツマカシワバル,88
a0879,中甑,31.835,129.8667,鹿児島県,,四,ナカコシキ,88
a0880,川内,31.8333,130.315,鹿児島県,,四,センダイ,88
a0881,溝辺,31.8033,130.7183,鹿児島県,,四,ミゾベ,88
a0882,八重山,31.7467,130.4383,鹿児島県,,四,ヤエヤマ,88
a0883,東市来,31.6683,130.3283,鹿児島県,,四,ヒガシイチキ,88
a0884,権現ケ尾,31.5083,130.4633,鹿児島県,,四,ゴンゲンガオ,88
s47827,鹿児島,31.555,130.5467,鹿児島県,,官,カゴシマ,88
a0886,高峠,31.5117,130.745,鹿児島県,,四,タカトウゲ,88
a0887,加世田,31.415,130.325,鹿児島県,,四,カセダ,88
a0888,吉ケ別府,31.4583,130.8617,鹿児島県,,四,ヨシガベップ,88
a0890,喜入,31.3867,130.54,鹿児島県,,四,キイレ,88
a0891,肝属川,31.35,130.9483,鹿児島県,,四,キモツキガワ,88
s47831,枕崎,31.2717,130.2917,鹿児島県,,官,マクラザキ,88
a0893,指宿,31.25,130.6367,鹿児島県,,四,イブスキ,88
a0894,甫与志岳,31.255,130.955,鹿児島県,,四,ホヨシダケ,88
a0895,内之浦,31.2767,131.055,鹿児島県,,四,ウチノウラ,88
s47837,種子島,30.72,130.9817,鹿児島県,,官,タネガシマ,88
a0897,中種子,30.605,130.9917,鹿児島県,,四,ナカタネ,88
a0898,上中,30.4067,130.9017,鹿児島県,,四,カミナカ,88
a0899,尾之間,30.235,130.555,鹿児島県,,四,オノアイダ,88
s47909,名瀬,28.385,129.4933,鹿児島県,,官,ナゼ,88
s47836,屋久島,30.385,130.6583,鹿児島県,,官,ヤクシマ,88
s47942,沖永良部,27.4317,128.705,鹿児島県,,官,オキノエラブ,88
a0934,出水,32.0933,130.3517,鹿児島県,,四,イズミ,88
a0935,牧之原,31.6617,130.8433,鹿児島県,,四,マキノハラ,88
a0936,志布志,31.4783,131.095,鹿児島県,,四,シブシ,88
a0937,鹿屋,31.3917,130.8633,鹿児島県,,四,カノヤ,88
a0980,古仁屋,28.1433,129.315,鹿児島県,,四,コニヤ,88
a1104,矢止岳,31.8533,130.5583,鹿児島県,,四,ヤドメダケ,88
a1136,田代,31.1983,130.8433,鹿児島県,,四,タシロ,88
a1139,伊仙,27.6767,128.9733,鹿児島県,,四,イセン,88
a1146,輝北,31.5883,130.855,鹿児島県,,四,キホク,88
a1149,大隅,31.58,131.005,鹿児島県,,四,オオスミ,88
a1161,佐多,31.0933,130.69,鹿児島県,,四,サタ,88
a1181,肝付前田,31.34,130.9383,鹿児島県,,四,キモツキマエダ,88
a1277,与論島,27.0433,128.4017,鹿児島県,,四,ヨロンジマ,88
a1296,喜界島,28.32,129.9267,鹿児島県,,四,キカイジマ,88
a1520,笠利,28.43,129.7117,鹿児島県,,四,カサリ,88
a1540,中之島,29.84,129.8667,鹿児島県,,四,ナカノシマ,88
a1542,天城,27.835,128.88,鹿児島県,,四,アマギ,88
a1647,宝島,29.1517,129.2017,鹿児島県,,四,タカラジマ,88
a1654,諏訪之瀬島,29.61,129.705,鹿児島県,,四,スワノセジマ,88
a1655,小宝島,29.225,129.3283,鹿児島県,,四,コダカラジマ,88
a1658,平島,29.6833,129.5283,鹿児島県,,四,タイラジマ,88
a1625,霧島牧園,31.885,130.82,鹿児島県,,四,キリシママキゾノ,88
a0901,奥,26.835,128.2717,沖縄県,,四,オク,91
a0902,与那覇岳,26.7267,128.215,沖縄県,,四,ヨナハダケ,91
a0903,呉我山,26.665,127.97,沖縄県,,四,ゴガヤマ,91
s47940,名護,26.5933,127.965,沖縄県,,官,ナゴ,91
a0905,名嘉真,26.5133,127.9133,沖縄県,,四,ナカマ,91
a0906,読谷,26.4067,127.7333,沖縄県,,四,ヨミタン,91
a0907,胡屋,26.3267,127.8033,沖縄県,,四,ゴヤ,91
s47936,那覇,26.2067,127.6867,沖縄県,,官,ナハ,91
a0909,糸数,26.1533,127.765,沖縄県,,四,イトカズ,91
a1064,金武,26.4533,127.8583,沖縄県,,四,キン,91
s47918,石垣島,24.3367,124.1633,沖縄県,,官,イシガキジマ,91
a1145,伊原間,24.5067,124.28,沖縄県,,四,イバルマ,91
a1147,伊是名,26.9483,127.94,沖縄県,,四,イゼナ,91
s47927,宮古島,24.7933,125.2783,沖縄県,,官,ミヤコジマ,91
s47929,久米島,26.3367,126.8033,沖縄県,,官,クメジマ,91
a1152,渡嘉敷,26.21,127.3633,沖縄県,,四,トカシキ,91
a1246,伊良部,24.8267,125.1717,沖縄県,,四,イラブ,91
a1247,多良間,24.6667,124.6967,沖縄県,,四,タラマ,91
a1248,城辺,24.7433,125.41,沖縄県,,四,グスクベ,91
a1250,川平,24.4667,124.14,沖縄県,,四,カビラ,91
a1251,大原,24.265,123.8717,沖縄県,,四,オオハラ,91
s47917,西表島,24.4267,123.765,沖縄県,,官,イリオモテジマ,91
s47912,与那国島,24.4667,123.01,沖縄県,,官,ヨナグニジマ,91
a1354,波照間,24.055,123.7667,沖縄県,,四,ハテルマ,91
s47945,南大東（南大東島）,25.8283,131.2283,沖縄県,,官,ミナミダイトウジマ,91
a1373,本部,26.685,127.8983,沖縄県,,四,モトブ,91
a1374,東,26.6317,128.1533,沖縄県,,四,ヒガシ,91
a1482,安次嶺,26.1933,127.6383,沖縄県,,四,アシミネ,91
a1483,鏡原,24.7817,125.295,沖縄県,,四,カガミハラ,91
a1484,真栄里,24.3433,124.1867,沖縄県,,四,マエザト,91
a1490,下地島,24.8267,125.1433,沖縄県,,四,シモジシマ,91
a1491,仲筋,24.6533,124.675,沖縄県,,四,ナカスジ,91
a1493,所野,24.4667,122.9783,沖縄県,,四,トコロノ,91
a1494,志多阿原,24.0583,123.8033,沖縄県,,四,シタアバル,91
a1515,粟国,26.5917,127.2383,沖縄県,,四,アグニ,91
a1516,慶良間,26.1683,127.2933,沖縄県,,四,ケラマ,91
a1517,北大東,25.9433,131.3267,沖縄県,,四,キタダイトウ,91
a1518,旧東,25.8467,131.2633,沖縄県,,四,キュウトウ,91
a1534,北原,26.3633,126.7133,沖縄県,,四,キタハラ,91
a1586,国頭,26.7283,128.1783,沖縄県,,四,クニガミ,91
a1596,宮城島,26.3633,127.9717,沖縄県,,四,ミヤギジマ,91
a1639,盛山,24.395,124.245,沖縄県,,四,モリヤマ,91
a1651,渡名喜,26.3733,127.1417,沖縄県,,四,トナキ,91
s89532,昭和,-68.995,39.58,南極,,官,ショウワ,99
